DUID,REGIONID,PARTICIPANTID,STATIONID,DISPATCHTYPE,SCHEDULE_TYPE,TRANSMISSIONLOSSFACTOR,END_DATE,CO2E_ENERGY_SOURCE,STATIONNAME,PARTICIPANTNAME,AEMO_FUEL,MMSDM_MONTH
PLAYFB1,SA1,COALCO,PLAYF,GENERATOR,SCHEDULED,0.958,1999/05/26 00:00:00,Brown coal,Playford B Power Station,Flinders Operating Services Pty Ltd,Brown Coal,2026_08
PLAYFB2,SA1,COALCO,PLAYF,GENERATOR,SCHEDULED,0.958,1999/05/26 00:00:00,Brown coal,Playford B Power Station,Flinders Operating Services Pty Ltd,Brown Coal,2026_08
PLAYFB4,SA1,COALCO,PLAYF,GENERATOR,SCHEDULED,0.958,1999/05/26 00:00:00,Brown coal,Playford B Power Station,Flinders Operating Services Pty Ltd,Brown Coal,2026_08
PLAYFB3,SA1,COALCO,PLAYF,GENERATOR,SCHEDULED,0.958,1999/05/26 00:00:00,Brown coal,Playford B Power Station,Flinders Operating Services Pty Ltd,Brown Coal,2026_08
CLOVER2,VIC1,SOUTHHYD,CLOVER,GENERATOR,SCHEDULED,1.0244,1999/10/14 00:00:00,,CLOVER POWER STATION,AGL Hydro Partnership,,2026_08
CLOVER1,VIC1,SOUTHHYD,CLOVER,GENERATOR,SCHEDULED,1.0244,1999/10/14 00:00:00,,CLOVER POWER STATION,AGL Hydro Partnership,,2026_08
KKGTS,NSW1,PACPOWER,KOOLKHAN,GENERATOR,SCHEDULED,1.0193,2000/03/22 00:00:00,,KOOLKHAN GAS TURBINE,Origin Energy Eraring Pty Ltd,,2026_08
OSB02,SA1,COALCO,OSBORNE,GENERATOR,SCHEDULED,0.9987,2000/02/15 00:00:00,Natural Gas (Pipeline),OSBORNE POWER STATION,Flinders Operating Services Pty Ltd,Gas,2026_08
OSB01,SA1,COALCO,OSBORNE,GENERATOR,SCHEDULED,0.9987,2000/02/15 00:00:00,Natural Gas (Pipeline),OSBORNE POWER STATION,Flinders Operating Services Pty Ltd,Gas,2026_08
CALLNL2,QLD1,CSENERGY,CALLIDEC,GENERATOR,NON-SCHEDULED,0.9349,2001/01/18 00:00:00,,CALLIDE C NETT OFF,CS Energy Limited,,2026_08
SNUG4,SA1,PEAKCO,SNUG,GENERATOR,NON-SCHEDULED,0.9231,2000/07/25 00:00:00,,SNUGGERY POWER STATION,Synergen Power Pty Limited,,2026_08
DRYCNL3,SA1,PEAKCO,DRYCGT,GENERATOR,NON-SCHEDULED,0.9993,2000/09/07 00:00:00,,Dry Creek Gas Turbine Station,Synergen Power Pty Limited,,2026_08
PLANECRK,QLD1,CSENERGY,PLANECRK,GENERATOR,NON-SCHEDULED,1.0399,2001/07/17 00:00:00,,PLANE CREEK MILL,CS Energy Limited,,2026_08
TBLD,QLD1,ENERGEX,TBLAND,GENERATOR,NON-SCHEDULED,1.1586,2001/08/02 00:00:00,,TABLELAND MILL,Sun Retail Pty Ltd,,2026_08
MACKNADE,QLD1,CSENERGY,MACKNADE,GENERATOR,NON-SCHEDULED,1.1422,2001/07/17 00:00:00,,MACKNADE SUGAR MILL,CS Energy Limited,,2026_08
CALLNL3,QLD1,CSENERGY,CALLIDEC1,GENERATOR,NON-SCHEDULED,0.901,2001/07/24 00:00:00,,CALLIDE C NETT OFF,CS Energy Limited,,2026_08
NGTS,NSW1,PACPOWER,NORTHGT,GENERATOR,SCHEDULED,0.9823,2001/10/09 00:00:00,,NORTHERN GAS TURBINE,Origin Energy Eraring Pty Ltd,,2026_08
SNOWY2,SNOWY1,SNOWY,SNOWY2,GENERATOR,SCHEDULED,1.001,2001/09/24 00:00:00,,Tumut Power Station,Snowy Hydro Limited,,2026_08
SNOWY3,SNOWY1,SNOWY,SNOWY3,GENERATOR,SCHEDULED,1.001,2001/09/24 00:00:00,,Guthega Power Station,Snowy Hydro Limited,,2026_08
SNOWY6,NSW1,SNOWY,SNOWY6,GENERATOR,SCHEDULED,0.9808,2001/09/24 00:00:00,,Blowering Power Station,Snowy Hydro Limited,,2026_08
SNOWY1,SNOWY1,SNOWY,SNOWY1,GENERATOR,SCHEDULED,1.001,2001/09/24 00:00:00,,Tumut 3 Power Station,Snowy Hydro Limited,,2026_08
SNOWY5,SNOWY1,SNOWY,SNOWY5,GENERATOR,SCHEDULED,1.001,2001/09/24 00:00:00,,SNOWY,Snowy Hydro Limited,,2026_08
SNOWY4,SNOWY1,SNOWY,SNOWY4,GENERATOR,SCHEDULED,1.001,2001/09/24 00:00:00,,SNOWY,Snowy Hydro Limited,,2026_08
LYGS1,VIC1,LYGS,LYGS,GENERATOR,NON-SCHEDULED,0.9639,2002/05/15 00:00:00,,VALLEY POWER,Valley Power Pty Ltd,,2026_08
LYGS2,VIC1,LYGS,LYGS,GENERATOR,NON-SCHEDULED,0.9639,2002/05/15 00:00:00,,VALLEY POWER,Valley Power Pty Ltd,,2026_08
LYGS3,VIC1,LYGS,LYGS,GENERATOR,NON-SCHEDULED,0.9639,2002/05/15 00:00:00,,VALLEY POWER,Valley Power Pty Ltd,,2026_08
LYGS4,VIC1,LYGS,LYGS,GENERATOR,NON-SCHEDULED,0.9639,2002/05/15 00:00:00,,VALLEY POWER,Valley Power Pty Ltd,,2026_08
LYGS5,VIC1,LYGS,LYGS,GENERATOR,NON-SCHEDULED,0.9639,2002/05/15 00:00:00,,VALLEY POWER,Valley Power Pty Ltd,,2026_08
LYGS6,VIC1,LYGS,LYGS,GENERATOR,NON-SCHEDULED,0.9639,2002/05/15 00:00:00,,VALLEY POWER,Valley Power Pty Ltd,,2026_08
SWAN_A_6,QLD1,CSENERGY,SWANBANK,GENERATOR,SCHEDULED,1.0047,2002/07/16 00:00:00,,Swanbank B Power Station & Swanbank E Gas Turbine,CS Energy Limited,,2026_08
PLEYSTOW,QLD1,CSENERGY,PLEYSTOW,GENERATOR,NON-SCHEDULED,1.0687,2002/07/16 00:00:00,,PLEYSTOWE MILL,CS Energy Limited,,2026_08
SWAN_A_4,QLD1,CSENERGY,SWANBANK,GENERATOR,SCHEDULED,1.0047,2002/07/16 00:00:00,,Swanbank B Power Station & Swanbank E Gas Turbine,CS Energy Limited,,2026_08
SWAN_A_3,QLD1,CSENERGY,SWANBANK,GENERATOR,SCHEDULED,1.0047,2002/07/16 00:00:00,,Swanbank B Power Station & Swanbank E Gas Turbine,CS Energy Limited,,2026_08
FARLEIGH,QLD1,CSENERGY,FARLEIGH,GENERATOR,NON-SCHEDULED,1.0687,2002/07/16 00:00:00,,FARLEIGH MILL,CS Energy Limited,,2026_08
MARIAN,QLD1,CSENERGY,MARIAN,GENERATOR,NON-SCHEDULED,1.0579,2002/07/16 00:00:00,,MARIAN MILL,CS Energy Limited,,2026_08
SWAN_A_1,QLD1,CSENERGY,SWANBANK,GENERATOR,SCHEDULED,1.0047,2002/07/16 00:00:00,,Swanbank B Power Station & Swanbank E Gas Turbine,CS Energy Limited,,2026_08
SWAN_A_2,QLD1,CSENERGY,SWANBANK,GENERATOR,SCHEDULED,1.0047,2002/07/16 00:00:00,,Swanbank B Power Station & Swanbank E Gas Turbine,CS Energy Limited,,2026_08
MRIDGE,QLD1,CSENERGY,SWANBANK,GENERATOR,SCHEDULED,0.987,2002/07/16 00:00:00,,Swanbank B Power Station & Swanbank E Gas Turbine,CS Energy Limited,,2026_08
RCOURSE,QLD1,CSENERGY,RCOURSE,GENERATOR,NON-SCHEDULED,1.0687,2002/07/16 00:00:00,,RACECOURSE MILL,CS Energy Limited,,2026_08
STHJST,QLD1,CSENERGY,STHJST,GENERATOR,NON-SCHEDULED,1.1609,2002/07/16 00:00:00,,SOUTH JOHNSTONE,CS Energy Limited,,2026_08
SWAN_A_5,QLD1,CSENERGY,SWANBANK,GENERATOR,SCHEDULED,1.0047,2002/07/16 00:00:00,,Swanbank B Power Station & Swanbank E Gas Turbine,CS Energy Limited,,2026_08
SWAN_C,QLD1,CSENERGY,SWANBANK,GENERATOR,SCHEDULED,1.0047,2003/03/04 00:00:00,,Swanbank B Power Station & Swanbank E Gas Turbine,CS Energy Limited,,2026_08
MULGRAVE,QLD1,STANWELL,MULGRAVE,GENERATOR,NON-SCHEDULED,1.1717,2003/06/17 00:00:00,,MULGRAVE CENTRAL MILL,Stanwell Corporation Limited,,2026_08
MLINKVIC,VIC1,MRYLINK1,MURLINKP,GENERATOR,NON-SCHEDULED,1.1023,2003/10/09 00:00:00,,MURLINK INTCONNECTOR,Murraylink Transmission Company Pty Ltd,,2026_08
MLINKSA,SA1,MRYLINK1,MURLINKP,GENERATOR,NON-SCHEDULED,1.0584,2003/10/09 00:00:00,,MURLINK INTCONNECTOR,Murraylink Transmission Company Pty Ltd,,2026_08
SHGEN2,NSW1,PACPOWER,SHOALHAV,GENERATOR,NON-SCHEDULED,1.0716,2003/10/22 00:00:00,,Shoalhaven Power Station (Bendeela And Kangaroo Valley Power Station And Pumps),Origin Energy Eraring Pty Ltd,,2026_08
SWAN_D,QLD1,CSENERGY,SWANBANK,GENERATOR,SCHEDULED,1.002,2004/06/01 00:00:00,,Swanbank B Power Station & Swanbank E Gas Turbine,CS Energy Limited,,2026_08
SNWYGJP2,SNOWY1,SNOWY,SNWYGJP2,GENERATOR,NON-SCHEDULED,1.0666,2003/10/22 00:00:00,,Jindabyne Pump At Guthega,Snowy Hydro Limited,,2026_08
DLNKNSW,NSW1,DIRLINKP,DIRECTLINK,GENERATOR,NON-SCHEDULED,0.9816,2006/03/21 00:00:00,,DLINK INTERCONNECTOR,DIRECTLINK JOINT VENTURE,,2026_08
DLNKQLD,QLD1,DIRLINKP,DIRECTLINK,GENERATOR,NON-SCHEDULED,1.0363,2006/03/21 00:00:00,,DLINK INTERCONNECTOR,DIRECTLINK JOINT VENTURE,,2026_08
UWS1,NSW1,SOLARIS,UWS,GENERATOR,NON-SCHEDULED,1.0039,2006/03/01 00:00:00,,UWS CO-GEN UNIT,AGL Sales Pty Limited,,2026_08
WGULLY,NSW1,ERGON,WGULLY,GENERATOR,NON-SCHEDULED,1.0103,2007/01/22 00:00:00,,WHYTES GULLY,AGL Sales (Queensland Electricity) Pty Limited,,2026_08
GB02,NSW1,PACPOWER,BHILLGT,GENERATOR,NON-SCHEDULED,1.14,2007/07/01 00:00:00,,Broken Hill Gas Turbines,Origin Energy Eraring Pty Ltd,,2026_08
BAYNL1,NSW1,MACQGEN,BAYSW,GENERATOR,NON-SCHEDULED,0.9383,2007/09/20 00:00:00,,Bayswater Power Station,AGL Macquarie Pty Limited,,2026_08
SWANNL1,QLD1,CSENERGY,SWANBANK,GENERATOR,NON-SCHEDULED,0.9943,2007/09/20 00:00:00,,Swanbank B Power Station & Swanbank E Gas Turbine,CS Energy Limited,,2026_08
KARYNL1,QLD1,STANWELL,KAREEYA,GENERATOR,NON-SCHEDULED,1.0808,2007/09/20 00:00:00,,KAREEYA POWER STATION,Stanwell Corporation Limited,,2026_08
TREV_4,TAS1,HYDROTAS,TREVALLN,GENERATOR,NON-SCHEDULED,0.9905,2009/03/19 00:00:00,,Trevallyn Power Station,Hydro-Electric Corporation,,2026_08
TREV_3,TAS1,HYDROTAS,TREVALLN,GENERATOR,NON-SCHEDULED,0.9905,2009/03/19 00:00:00,,Trevallyn Power Station,Hydro-Electric Corporation,,2026_08
CALL_A_3,QLD1,CSENERGY,CALLIDE,GENERATOR,SCHEDULED,0.8997,2009/02/01 00:00:00,,Callide Power Station,CS Energy Limited,,2026_08
POATINA2,TAS1,HYDROTAS,PTINA110,GENERATOR,NON-SCHEDULED,0.9732,2009/03/19 00:00:00,,Poatina Power Station,Hydro-Electric Corporation,,2026_08
POATINA1,TAS1,HYDROTAS,PTINA110,GENERATOR,NON-SCHEDULED,0.9732,2009/03/19 00:00:00,,Poatina Power Station,Hydro-Electric Corporation,,2026_08
TUNGA_4,TAS1,HYDROTAS,TUNGATIN,GENERATOR,NON-SCHEDULED,0.9421,2009/03/19 00:00:00,,Tungatinah Power Station,Hydro-Electric Corporation,,2026_08
CALL_A_1,QLD1,CSENERGY,CALLIDE,GENERATOR,SCHEDULED,0.8997,2009/02/01 00:00:00,,Callide Power Station,CS Energy Limited,,2026_08
CATA_1,TAS1,HYDROTAS,LI_WY_CA,GENERATOR,NON-SCHEDULED,0.9944,2009/03/19 00:00:00,,Catagunya / Liapootah / Wayatinah Power Station,Hydro-Electric Corporation,,2026_08
CATA_2,TAS1,HYDROTAS,LI_WY_CA,GENERATOR,NON-SCHEDULED,0.9944,2009/03/19 00:00:00,,Catagunya / Liapootah / Wayatinah Power Station,Hydro-Electric Corporation,,2026_08
TUNGA_3,TAS1,HYDROTAS,TUNGATIN,GENERATOR,NON-SCHEDULED,0.9421,2009/03/19 00:00:00,,Tungatinah Power Station,Hydro-Electric Corporation,,2026_08
STPN1,QLD1,GPENERGY,STPN1,GENERATOR,NON-SCHEDULED,1.0001,2008/07/08 00:00:00,,STAPYLTON,Green Pacific Energy Stapylton No 1 Pty Ltd ,,2026_08
GORDON3,TAS1,HYDROTAS,GORDON,GENERATOR,NON-SCHEDULED,0.9644,2009/03/19 00:00:00,,Gordon Power Station,Hydro-Electric Corporation,,2026_08
TYPHOONW,VIC1,ENERBRIX,WCLASS,GENERATOR,NON-SCHEDULED,0.9709,2009/04/16 00:00:00,,HRL TRAMWAY ROAD,Energy Brix Australia Corporation Pty Ltd,,2026_08
GORDON1,TAS1,HYDROTAS,GORDON,GENERATOR,NON-SCHEDULED,0.9644,2009/03/19 00:00:00,,Gordon Power Station,Hydro-Electric Corporation,,2026_08
GORDON2,TAS1,HYDROTAS,GORDON,GENERATOR,NON-SCHEDULED,0.9644,2009/03/19 00:00:00,,Gordon Power Station,Hydro-Electric Corporation,,2026_08
TREV_2,TAS1,HYDROTAS,TREVALLN,GENERATOR,NON-SCHEDULED,0.9905,2009/03/19 00:00:00,,Trevallyn Power Station,Hydro-Electric Corporation,,2026_08
TREV_1,TAS1,HYDROTAS,TREVALLN,GENERATOR,NON-SCHEDULED,0.9905,2009/03/19 00:00:00,,Trevallyn Power Station,Hydro-Electric Corporation,,2026_08
BLOWER,NSW1,SNOWY,BLOWER,GENERATOR,NON-SCHEDULED,1.0205,2010/01/07 00:00:00,,BLOWERING,Snowy Hydro Limited,,2026_08
BHASZINC,SA1,AGLE,BHASZINC,LOAD,NON-SCHEDULED,0.9792,2009/09/04 00:00:00,,BHAS ZINC PLANT SA,AGL South Australia Pty Ltd,,2026_08
LEMONTME,TAS1,HYDROTAS,LEM_WIL,GENERATOR,NON-SCHEDULED,0.982,2010/01/07 00:00:00,,Lemonthyme / Wilmot Power Station,Hydro-Electric Corporation,,2026_08
ERG_AS,QLD1,ERGON,ERG_AS,LOAD,NON-SCHEDULED,0.9627,2009/09/04 00:00:00,,ERGON FREQUENCY CONTROL A.S.,AGL Sales (Queensland Electricity) Pty Limited,,2026_08
MCKAY2,VIC1,SOUTHHYD,MCKAY,GENERATOR,SCHEDULED,0.9761,2009/09/22 00:00:00,Hydro,Bogong / Mackay Power Station,AGL Hydro Partnership,Hydro,2026_08
TOMAGO3,NSW1,MACQGEN,TOMAGO,LOAD,NON-SCHEDULED,0.9918,2009/09/10 00:00:00,,TOMAGO SMELTER,AGL Macquarie Pty Limited,,2026_08
TOMAGO2,NSW1,MACQGEN,TOMAGO,LOAD,NON-SCHEDULED,0.9918,2009/09/10 00:00:00,,TOMAGO SMELTER,AGL Macquarie Pty Limited,,2026_08
TOMAGO1,NSW1,MACQGEN,TOMAGO,LOAD,NON-SCHEDULED,0.9918,2009/09/10 00:00:00,,TOMAGO SMELTER,AGL Macquarie Pty Limited,,2026_08
SUNSHINE,VIC1,ENERGEX,SUNSHINE,GENERATOR,NON-SCHEDULED,1.001,2010/08/04 00:00:00,,SUNSHINE ENERGY,Sun Retail Pty Ltd,,2026_08
BELLBAY1,TAS1,BBPOWER,BELLBAY,GENERATOR,SCHEDULED,0.9983,2010/07/06 00:00:00,,BELL BAY,Bell Bay Power Pty Ltd,,2026_08
BELLBAY2,TAS1,BBPOWER,BELLBAY,GENERATOR,SCHEDULED,0.9981,2010/07/06 00:00:00,,BELL BAY,Bell Bay Power Pty Ltd,,2026_08
SOMERSET,QLD1,CNRGY,SOMERSET,GENERATOR,NON-SCHEDULED,1.0024,2011/03/01 00:00:00,,SOMERSET DAM,Origin Energy Electricity Limited,,2026_08
CALL_A_2,QLD1,CSENERGY,CALLIDE,GENERATOR,SCHEDULED,0.9682,2011/05/17 00:00:00,Black coal,Callide Power Station,CS Energy Limited,Black Coal,2026_08
SWAN_B_4,QLD1,CSENERGY,SWANBANK,GENERATOR,SCHEDULED,0.993,2011/07/01 00:00:00,Black coal,Swanbank B Power Station & Swanbank E Gas Turbine,CS Energy Limited,Black Coal,2026_08
SWAN_B_2,QLD1,CSENERGY,SWANBANK,GENERATOR,SCHEDULED,0.993,2011/07/01 00:00:00,Black coal,Swanbank B Power Station & Swanbank E Gas Turbine,CS Energy Limited,Black Coal,2026_08
GUTH-1,NSW1,SNOWY,GUTHEGA,GENERATOR,NON-SCHEDULED,0.9399,2011/12/22 00:00:00,,Guthega Power Station,Snowy Hydro Limited,,2026_08
GUTH-2,NSW1,SNOWY,GUTHEGA,GENERATOR,NON-SCHEDULED,0.9399,2011/12/22 00:00:00,,Guthega Power Station,Snowy Hydro Limited,,2026_08
COLNSV_2,QLD1,RATCHAC,COLNSV,GENERATOR,SCHEDULED,1.0389,2013/01/01 00:00:00,Black coal,Collinsville Power Station,RATCH-Australia Collinsville Pty Ltd & RATCH-Australia Collinsville BV,Black Coal,2026_08
KRCCOGEN,QLD1,ERGON,KRCCOGEN,GENERATOR,NON-SCHEDULED,0.97,2012/12/14 00:00:00,Natural Gas (Pipeline),KRC Cogeneration Plant Power Station,AGL Sales (Queensland Electricity) Pty Limited,Gas,2026_08
SYMEX1,VIC1,RESPONSE,SYMEX,GENERATOR,NON-SCHEDULED,1.0056,2012/11/30 00:00:00,Natural Gas (Pipeline),Symex Power Plant,Enel X Australia Pty Ltd,Gas,2026_08
COLNSV_3,QLD1,RATCHAC,COLNSV,GENERATOR,SCHEDULED,1.0389,2013/01/01 00:00:00,Black coal,Collinsville Power Station,RATCH-Australia Collinsville Pty Ltd & RATCH-Australia Collinsville BV,Black Coal,2026_08
PMATTAEP,NSW1,NORPOWER,PMATTAEP,GENERATOR,NON-SCHEDULED,1.0053,2013/03/12 00:00:00,Landfill biogas methane,EarthPower Biomass Plant,Essential Energy,Bioenergy,2026_08
COLNSV_1,QLD1,RATCHAC,COLNSV,GENERATOR,SCHEDULED,1.0389,2013/01/01 00:00:00,Black coal,Collinsville Power Station,RATCH-Australia Collinsville Pty Ltd & RATCH-Australia Collinsville BV,Black Coal,2026_08
COLNSV_5,QLD1,RATCHAC,COLNSV,GENERATOR,SCHEDULED,1.0389,2013/01/01 00:00:00,Black coal,Collinsville Power Station,RATCH-Australia Collinsville Pty Ltd & RATCH-Australia Collinsville BV,Black Coal,2026_08
COLNSNL1,QLD1,RATCHAC,COLNSV,GENERATOR,NON-SCHEDULED,1.0389,2013/01/01 00:00:00,Black coal,Collinsville Power Station,RATCH-Australia Collinsville Pty Ltd & RATCH-Australia Collinsville BV,Black Coal,2026_08
COLNSV_4,QLD1,RATCHAC,COLNSV,GENERATOR,SCHEDULED,1.0389,2013/01/01 00:00:00,Black coal,Collinsville Power Station,RATCH-Australia Collinsville Pty Ltd & RATCH-Australia Collinsville BV,Black Coal,2026_08
PTH03,VIC1,SECV,PTH,LOAD,NON-SCHEDULED,1.0112,2013/08/23 00:00:00,,POINT HENRY SMELTER,State Electricity Commission (Vic),,2026_08
APD02,VIC1,SECV,PORTLAND,LOAD,NON-SCHEDULED,1.0073,2013/08/23 00:00:00,,PORTLAND,State Electricity Commission (Vic),,2026_08
PTH02,VIC1,SECV,PTH,LOAD,NON-SCHEDULED,1.0112,2013/08/23 00:00:00,,POINT HENRY SMELTER,State Electricity Commission (Vic),,2026_08
WW7,NSW1,TRUDW,WW,GENERATOR,SCHEDULED,0.9699,2014/06/20 00:00:00,Black coal,Wallerawang Power Station,EnergyAustralia Pty Ltd,Black Coal,2026_08
WG01,NSW1,PACPOWER,WG,GENERATOR,NON-SCHEDULED,0.9982,2013/07/19 00:00:00,Hydro,WARRAGAMBA POWER STATION,Origin Energy Eraring Pty Ltd,Hydro,2026_08
SWAN_B_3,QLD1,STANWELL,SWANBANK,GENERATOR,SCHEDULED,0.9959,2013/08/13 00:00:00,Black coal,Swanbank B Power Station & Swanbank E Gas Turbine,Stanwell Corporation Limited,Black Coal,2026_08
SWANNL2,QLD1,STANWELL,SWANBANK,GENERATOR,NON-SCHEDULED,0.9959,2013/08/13 00:00:00,Black coal,Swanbank B Power Station & Swanbank E Gas Turbine,Stanwell Corporation Limited,Black Coal,2026_08
SWAN_B_1,QLD1,STANWELL,SWANBANK,GENERATOR,SCHEDULED,0.9959,2013/08/13 00:00:00,Black coal,Swanbank B Power Station & Swanbank E Gas Turbine,Stanwell Corporation Limited,Black Coal,2026_08
MM3,NSW1,DELTA,MM,GENERATOR,SCHEDULED,0.9926,2014/05/29 00:00:00,Black coal,MUNMORAH POWER STATION,Delta Power & Energy (Vales Point) Pty Ltd,Black Coal,2026_08
MM4,NSW1,DELTA,MM,GENERATOR,SCHEDULED,0.9926,2014/05/29 00:00:00,Black coal,MUNMORAH POWER STATION,Delta Power & Energy (Vales Point) Pty Ltd,Black Coal,2026_08
MMNL1,NSW1,DELTA,MM,GENERATOR,NON-SCHEDULED,0.9926,2014/05/29 00:00:00,Black coal,MUNMORAH POWER STATION,Delta Power & Energy (Vales Point) Pty Ltd,Black Coal,2026_08
WW8,NSW1,TRUDW,WW,GENERATOR,SCHEDULED,0.9729,2014/12/30 00:00:00,Black coal,Wallerawang Power Station,EnergyAustralia Pty Ltd,Black Coal,2026_08
PTH01,VIC1,SECV,PTH,LOAD,NON-SCHEDULED,0.9849,2014/08/01 00:00:00,,POINT HENRY SMELTER,State Electricity Commission (Vic),,2026_08
VICSMLT,VIC1,SECV,VICSMLT,LOAD,NON-SCHEDULED,0.9849,2015/05/11 00:00:00,,VICTORIAN SMELTER ANCILLARY SERVICES,State Electricity Commission (Vic),,2026_08
WWNL1,NSW1,TRUDW,WW,GENERATOR,NON-SCHEDULED,0.9729,2015/05/10 00:00:00,Black coal,Wallerawang Power Station,EnergyAustralia Pty Ltd,Black Coal,2026_08
VPGS,VIC1,SNOWY,VPGS,GENERATOR,SCHEDULED,0.9704,2015/07/01 00:00:00,Natural Gas (Pipeline),Valley Power Peaking Facility,Snowy Hydro Limited,Gas,2026_08
LAVNORTH,VIC1,SNOWY,LNGS,GENERATOR,SCHEDULED,0.9972,2015/07/01 00:00:00,Natural Gas (Pipeline),Laverton North Power Station,Snowy Hydro Limited,Gas,2026_08
ANGAS1,SA1,INFRATIL,ANGASTON,GENERATOR,NON-SCHEDULED,1.0061,2016/05/27 00:00:00,Diesel oil,ANGASTON POWER STATION,Lumo Generation SA Pty Ltd,Diesel,2026_08
TEATREE1,SA1,EDLLFGS,TEATREE,GENERATOR,NON-SCHEDULED,1.0042,2016/05/19 00:00:00,Landfill biogas methane,Tea Tree Gully Landfill Gas Power Station,EDL LFG (SA) Pty Ltd,Bioenergy,2026_08
APS,VIC1,ALCOA,APS,GENERATOR,SCHEDULED,0.9915,2015/09/01 00:00:00,Brown coal,ANGELSEA POWER STATION,Alcoa Of Australia Limited,Brown Coal,2026_08
AMCORGR,SA1,RESPONSE,AMCORGR,GENERATOR,NON-SCHEDULED,1.0111,2015/12/31 00:00:00,Diesel oil,"Amcor Glass, Gawler Plant",Enel X Australia Pty Ltd,Diesel,2026_08
STANV1,SA1,INFRATIL,STANVAC,GENERATOR,NON-SCHEDULED,1.0075,2016/01/12 00:00:00,Diesel oil,Pt Stanvac Power Station,Lumo Generation SA Pty Ltd,Diesel,2026_08
ANGAS2,SA1,INFRATIL,ANGASTON,GENERATOR,NON-SCHEDULED,1.0061,2016/05/27 00:00:00,Diesel oil,ANGASTON POWER STATION,Lumo Generation SA Pty Ltd,Diesel,2026_08
STANV2,SA1,INFRATIL,STANVAC,GENERATOR,NON-SCHEDULED,1.0075,2016/01/12 00:00:00,Diesel oil,Pt Stanvac Power Station,Lumo Generation SA Pty Ltd,Diesel,2026_08
REDBANK1,NSW1,REDBANK,REDBANK1,GENERATOR,NON-SCHEDULED,0.9843,2015/10/13 00:00:00,Other solid fossil fuels,Redbank Power Station,Redbank Project Pty Limited,Other,2026_08
HIGHBRY1,SA1,EDLLFGS,HIGHBRY,GENERATOR,NON-SCHEDULED,1.0042,2016/05/19 00:00:00,Landfill biogas methane,Highbury Landfill Gas Power Station,EDL LFG (SA) Pty Ltd,Bioenergy,2026_08
SUNCOAST,QLD1,SOUTHHYD,SUNCOAST,GENERATOR,NON-SCHEDULED,1.0124,2016/01/15 00:00:00,Primary solid biomass fuels,Suncoast Gold Macadamias,AGL Hydro Partnership,Bioenergy,2026_08
MORNL1,VIC1,SOLARIS,ENERGYB,GENERATOR,NON-SCHEDULED,0.9799,2016/03/11 00:00:00,Brown coal,Energy Brix Complex Power Station,AGL Sales Pty Limited,Brown Coal,2026_08
MOR2,VIC1,SOLARIS,ENERGYB,GENERATOR,SCHEDULED,0.9732,2016/03/11 00:00:00,Brown coal,Energy Brix Complex Power Station,AGL Sales Pty Limited,Brown Coal,2026_08
MOR3,VIC1,SOLARIS,ENERGYB,GENERATOR,SCHEDULED,0.9732,2016/03/11 00:00:00,Brown coal,Energy Brix Complex Power Station,AGL Sales Pty Limited,Brown Coal,2026_08
MOR1,VIC1,SOLARIS,ENERGYB,GENERATOR,SCHEDULED,0.9704,2016/03/11 00:00:00,Brown coal,Energy Brix Complex Power Station,AGL Sales Pty Limited,Brown Coal,2026_08
MEADOWB2,TAS1,HYDROTAS,MEADOWBK,GENERATOR,NON-SCHEDULED,0.9737,2016/06/27 00:00:00,Diesel oil,Meadowbank Power Station,Hydro-Electric Corporation,Diesel,2026_08
GEORGTN1,TAS1,HYDROTAS,GEORGTWN,GENERATOR,NON-SCHEDULED,1.0092,2016/06/27 00:00:00,Diesel oil,GEORGE TOWN DIESEL,Hydro-Electric Corporation,Diesel,2026_08
GEORGTN2,TAS1,HYDROTAS,GEORGTWN,GENERATOR,NON-SCHEDULED,1.0092,2016/06/27 00:00:00,Diesel oil,GEORGE TOWN DIESEL,Hydro-Electric Corporation,Diesel,2026_08
PORTLAT1,TAS1,HYDROTAS,PORTLATT,GENERATOR,NON-SCHEDULED,0.9602,2016/06/27 00:00:00,Diesel oil,Port Latta Diesel Generator,Hydro-Electric Corporation,Diesel,2026_08
CATAGUN1,TAS1,HYDROTAS,LI_WY_CA,GENERATOR,NON-SCHEDULED,0.9915,2016/06/27 00:00:00,Diesel oil,Catagunya / Liapootah / Wayatinah Power Station,Hydro-Electric Corporation,Diesel,2026_08
HWPS1,VIC1,HAZELPWR,HAZEL,GENERATOR,SCHEDULED,0.9701,2017/04/01 00:00:00,Brown coal,Hazelwood Power Station,Hazelwood Power,Brown Coal,2026_08
HWPNL1,VIC1,HAZELPWR,HAZEL,GENERATOR,NON-SCHEDULED,0.9701,2017/04/01 00:00:00,Brown coal,Hazelwood Power Station,Hazelwood Power,Brown Coal,2026_08
HEZ,NSW1,INFRATIL,HEZ,GENERATOR,NON-SCHEDULED,0.9967,2016/10/28 00:00:00,Diesel oil,Hunter Economic Zone Power Station,Lumo Generation SA Pty Ltd,Diesel,2026_08
HWPS8,VIC1,HAZELPWR,HAZEL,GENERATOR,SCHEDULED,0.9701,2017/04/01 00:00:00,Brown coal,Hazelwood Power Station,Hazelwood Power,Brown Coal,2026_08
HWPS7,VIC1,HAZELPWR,HAZEL,GENERATOR,SCHEDULED,0.9701,2017/04/01 00:00:00,Brown coal,Hazelwood Power Station,Hazelwood Power,Brown Coal,2026_08
HWPS4,VIC1,HAZELPWR,HAZEL,GENERATOR,SCHEDULED,0.9701,2017/04/01 00:00:00,Brown coal,Hazelwood Power Station,Hazelwood Power,Brown Coal,2026_08
HWPS5,VIC1,HAZELPWR,HAZEL,GENERATOR,SCHEDULED,0.9701,2017/04/01 00:00:00,Brown coal,Hazelwood Power Station,Hazelwood Power,Brown Coal,2026_08
HWPS6,VIC1,HAZELPWR,HAZEL,GENERATOR,SCHEDULED,0.9701,2017/04/01 00:00:00,Brown coal,Hazelwood Power Station,Hazelwood Power,Brown Coal,2026_08
QUERIVE1,TAS1,HYDROTAS,QUERIVER,GENERATOR,NON-SCHEDULED,0.9759,2016/07/26 00:00:00,Diesel oil,Que River Diesel,Hydro-Electric Corporation,Diesel,2026_08
HWPS2,VIC1,HAZELPWR,HAZEL,GENERATOR,SCHEDULED,0.9701,2017/04/01 00:00:00,Brown coal,Hazelwood Power Station,Hazelwood Power,Brown Coal,2026_08
HWPS3,VIC1,HAZELPWR,HAZEL,GENERATOR,SCHEDULED,0.9701,2017/04/01 00:00:00,Brown coal,Hazelwood Power Station,Hazelwood Power,Brown Coal,2026_08
BBDISEL1,TAS1,HYDROTAS,BBDISEL1,GENERATOR,NON-SCHEDULED,1.0003,2016/08/23 00:00:00,Diesel oil,Bell Bay Power Station,Hydro-Electric Corporation,Diesel,2026_08
NPSNL1,SA1,COALCO,NORTHP,GENERATOR,NON-SCHEDULED,1.0132,2016/09/01 00:00:00,Brown coal,NORTHERN POWER STATION,Flinders Operating Services Pty Ltd,Brown Coal,2026_08
NPSNL2,SA1,COALCO,NORTHP,GENERATOR,NON-SCHEDULED,1.0791,2016/09/01 00:00:00,Brown coal,NORTHERN POWER STATION,Flinders Operating Services Pty Ltd,Brown Coal,2026_08
PLAYB-AG,SA1,COALCO,PLAYF,GENERATOR,SCHEDULED,1.0098,2016/09/01 00:00:00,Brown coal,Playford B Power Station,Flinders Operating Services Pty Ltd,Brown Coal,2026_08
NPS1,SA1,COALCO,NORTHP,GENERATOR,SCHEDULED,1.0098,2016/09/01 00:00:00,Brown coal,NORTHERN POWER STATION,Flinders Operating Services Pty Ltd,Brown Coal,2026_08
NPS2,SA1,COALCO,NORTHP,GENERATOR,SCHEDULED,1.0098,2016/09/01 00:00:00,Brown coal,NORTHERN POWER STATION,Flinders Operating Services Pty Ltd,Brown Coal,2026_08
VICSMLT2,VIC1,SECV,VICSMLT,LOAD,NON-SCHEDULED,1.0064,2017/06/20 00:00:00,,VICTORIAN SMELTER ANCILLARY SERVICES,State Electricity Commission (Vic),,2026_08
TERMSTOR,SA1,HYDROSA,TERMSTOR,GENERATOR,NON-SCHEDULED,1.0034,2017/09/14 00:00:00,Hydro,Terminal Storage Mini Hydro Power Station,Hydro-Electric Corporation,Hydro,2026_08
BANKSPT1,NSW1,RESPONSE,BANKSPT,GENERATOR,NON-SCHEDULED,1.0033,2018/03/12 00:00:00,Diesel oil,Bankstown Sports Club Plant Units,Enel X Australia Pty Ltd,Diesel,2026_08
BLULAKE1,SA1,RESPONSE,BLULAKE,GENERATOR,NON-SCHEDULED,0.978,2018/03/12 00:00:00,Diesel oil,Blue Lake Milling Power Plant,Enel X Australia Pty Ltd,Diesel,2026_08
PEDLER1,SA1,EDLLFGS,PEDLER,GENERATOR,NON-SCHEDULED,1.0047,2017/07/25 00:00:00,Landfill biogas methane,Pedler Creek Landfill Gas Power Station Units 1-3,EDL LFG (SA) Pty Ltd,Bioenergy,2026_08
MORNW,VIC1,EASTENGY,MORNW,GENERATOR,NON-SCHEDULED,0.9963,2018/04/01 00:00:00,Landfill biogas methane,Mornington Waste Disposal Facility,EnergyAustralia Pty Ltd,Bioenergy,2026_08
WYNDW,VIC1,EASTENGY,WYNDW,GENERATOR,NON-SCHEDULED,1.0084,2018/04/01 00:00:00,Landfill biogas methane,Wyndham Waste Disposal Facility,EnergyAustralia Pty Ltd,Bioenergy,2026_08
STHBKTEC,QLD1,SECURENG,STHBKTEC,GENERATOR,NON-SCHEDULED,1.0122,2019/06/26 00:00:00,Diesel oil,Southbank Institute Of Technology Unit 1 Plant,Secure Energy Pty Ltd,Diesel,2026_08
AWABAREF,NSW1,INFRATIL,AWABAREF,GENERATOR,NON-SCHEDULED,0.9901,2019/04/01 00:00:00,Landfill biogas methane,Awaba Power Station,Lumo Generation SA Pty Ltd,Bioenergy,2026_08
EDLRGNRD,QLD1,EDLLFGQ,EDLRGNRD,GENERATOR,NON-SCHEDULED,1.0042,2019/07/26 00:00:00,Landfill biogas methane,Roghan Road LFG Power Plant,EDL LFG (Qld) Pty Ltd,Bioenergy,2026_08
ASNACTW1,NSW1,ACTEWAGL,ASNACTEW,LOAD,NON-SCHEDULED,1,2019/09/26 00:00:00,,ActewAGL VPP,Icon Retail Investments And AGL ACT Retail Investments Pty Ltd,,2026_08
WHIT1,QLD1,BORAL,WHIT1,GENERATOR,NON-SCHEDULED,1.0006,2020/01/08 00:00:00,Landfill biogas methane,Whitwood Road Renewable Energy Facility,Origin Energy Electricity Limited,Bioenergy,2026_08
ROCHEDAL,QLD1,BORAL,ROCHEDAL,GENERATOR,NON-SCHEDULED,1.0121,2020/01/08 00:00:00,Landfill biogas methane,Rochedale Renewable Energy Facility,Origin Energy Electricity Limited,Bioenergy,2026_08
TORRA4,SA1,TIPSCO,TORRIS,GENERATOR,SCHEDULED,0.9998,2020/09/30 00:00:00,Natural Gas (Pipeline),TORRENS ISLAND POWER STATION,AGL SA Generation Pty Limited,Gas,2026_08
TORRA2,SA1,TIPSCO,TORRIS,GENERATOR,SCHEDULED,0.9998,2020/09/30 00:00:00,Natural Gas (Pipeline),TORRENS ISLAND POWER STATION,AGL SA Generation Pty Limited,Gas,2026_08
MACKAYGT,QLD1,STANWELL,MACKAY,GENERATOR,SCHEDULED,0.8893,2021/04/01 00:00:00,Diesel oil,MACKAY GAS TURBINE,Stanwell Corporation Limited,Diesel,2026_08
REMOUNT,TAS1,LMSENE,REMOUNT,GENERATOR,NON-SCHEDULED,0.9899,2020/12/31 00:00:00,Landfill biogas methane,Remount Power Station,LMS Energy Pty Ltd,Bioenergy,2026_08
NINEWIL1,NSW1,RESPONSE,NINEWIL,GENERATOR,NON-SCHEDULED,1.0058,2021/03/29 00:00:00,Diesel oil,Nine Network Willoughby Plant,Enel X Australia Pty Ltd,Diesel,2026_08
CALL_A_4,QLD1,CSENERGY,CALLIDE,GENERATOR,NON-SCHEDULED,0.9266,2022/04/30 00:00:00,Black coal,Callide Power Station,CS Energy Limited,Black Coal,2026_08
SATGS1,SA1,INFISAGT,SATGS,GENERATOR,SCHEDULED,1.0021,2022/05/01 00:00:00,Diesel oil,Temporary Generation South,Iberdrola Australia SAGT Pty Limited,Diesel,2026_08
ASTFG1V1,TAS1,FIRMMASP,ASTFG1,LOAD,NON-SCHEDULED,1,2022/03/22 00:00:00,,AS FIRMGRID TAS1,Firmus Grid Pty Ltd,,2026_08
SATGN1,SA1,ETSAUTIL,SATGN,GENERATOR,NON-SCHEDULED,1.0018,2021/11/25 00:00:00,Diesel oil,Temporary Generation North,SA ROLR,Diesel,2026_08
CALLNL4,QLD1,CSENERGY,CALLIDE,GENERATOR,NON-SCHEDULED,0.9266,2022/04/30 00:00:00,,Callide Power Station,CS Energy Limited,,2026_08
TORRA1,SA1,TIPSCO,TORRIS,GENERATOR,SCHEDULED,0.9999,2021/09/30 00:00:00,Natural Gas (Pipeline),TORRENS ISLAND POWER STATION,AGL SA Generation Pty Limited,Gas,2026_08
HVGTS,NSW1,MACQGEN,HUNTVGT,GENERATOR,SCHEDULED,0.9652,2022/03/15 00:00:00,Kerosene - non aviation,Hunter Valley Gas Turbine,AGL Macquarie Pty Limited,Diesel,2026_08
WOYWOY1,NSW1,SOUTHHYD,WOYWOY,GENERATOR,NON-SCHEDULED,1.0037,2021/12/31 00:00:00,Landfill biogas methane,Woy Woy Landfill Site,AGL Hydro Partnership,Bioenergy,2026_08
DAANDINE,QLD1,ARROW,DAANDINE,GENERATOR,NON-SCHEDULED,0.9774,2022/04/18 00:00:00,Coal seam methane,Daandine Power Station,Arrow Energy Trading Pty Ltd,Gas,2026_08
KINCUM1,NSW1,SOUTHHYD,KINCUMB,GENERATOR,NON-SCHEDULED,1.0037,2021/12/31 00:00:00,Landfill biogas methane,Kincumber Landfill Site,AGL Hydro Partnership,Bioenergy,2026_08
TERALBA,NSW1,ENVIROGN,TERALBA,GENERATOR,NON-SCHEDULED,0.9917,2021/11/18 00:00:00,Landfill biogas methane,TERALBA POWER STATION,Envirogen Pty Limited,Bioenergy,2026_08
AGLNOW1,NSW1,SOUTHHYD,AGLNOW1,GENERATOR,NON-SCHEDULED,0.9929,2022/03/10 00:00:00,Landfill biogas methane,West Nowra Landfill Gas Power Generation Facility,AGL Hydro Partnership,Bioenergy,2026_08
AGLSITA1,NSW1,SOUTHHYD,AGLSITA,GENERATOR,NON-SCHEDULED,1.0015,2022/06/10 00:00:00,Landfill biogas methane,AGL KEMPS CREEK,AGL Hydro Partnership,Bioenergy,2026_08
LD03,NSW1,MACQGEN,LIDDELL,GENERATOR,SCHEDULED,0.9628,2022/04/02 00:00:00,Black coal,Liddell Power Station,AGL Macquarie Pty Limited,Black Coal,2026_08
LD02,NSW1,MACQGEN,LIDDELL,GENERATOR,SCHEDULED,0.9659,2023/05/01 00:00:00,Black coal,Liddell Power Station,AGL Macquarie Pty Limited,Black Coal,2026_08
TORRA3,SA1,TIPSCO,TORRIS,GENERATOR,SCHEDULED,0.9994,2022/09/30 00:00:00,Natural Gas (Pipeline),TORRENS ISLAND POWER STATION,AGL SA Generation Pty Limited,Gas,2026_08
LD04,NSW1,MACQGEN,LIDDELL,GENERATOR,SCHEDULED,0.9659,2023/05/01 00:00:00,Black coal,Liddell Power Station,AGL Macquarie Pty Limited,Black Coal,2026_08
LD01,NSW1,MACQGEN,LIDDELL,GENERATOR,SCHEDULED,0.9659,2023/05/01 00:00:00,Black coal,Liddell Power Station,AGL Macquarie Pty Limited,Black Coal,2026_08
CORIO1,VIC1,EDLLFGV,CORIO,GENERATOR,NON-SCHEDULED,0.9933,2023/05/09 00:00:00,Landfill biogas methane,Corio Landfill Gas Power Station,EDL LFG (Vic) Pty Ltd,Bioenergy,2026_08
BERWICK,VIC1,EDLGRPOP,BERWICK,GENERATOR,NON-SCHEDULED,0.9923,2023/05/09 00:00:00,,Berwick Power Plant,EDL Group Operations Pty Ltd,,2026_08
SLDCBLK1,TAS1,FIRMUSGD,FIRMSLDC,LOAD,SCHEDULED,0.9945,2022/09/28 00:00:00,,Firmus St Leonard DC,Firmus Grid Pty Ltd,,2026_08
SVALE1,VIC1,EDLLFGV,SVALE,GENERATOR,NON-SCHEDULED,1.0001,2023/11/24 00:00:00,Landfill biogas methane,Springvale Landfill Gas Power Station,EDL LFG (Vic) Pty Ltd,Bioenergy,2026_08
WIVENSH,QLD1,STANWELL,WIVENSH,GENERATOR,NON-SCHEDULED,0.9985,2023/09/20 00:00:00,Hydro,WIVENHOE SMALL HYDRO,Stanwell Corporation Limited,Hydro,2026_08
BROADMDW,VIC1,EDLLFGV,BROADMDW,GENERATOR,NON-SCHEDULED,1,2024/06/18 00:00:00,Landfill biogas methane,Broadmeadows Landfill Gas Power Station,EDL LFG (Vic) Pty Ltd,Bioenergy,2026_08
VSNSN1V1,NSW1,SONNMASP,VSNSN1,LOAD,NON-SCHEDULED,1,2024/12/18 00:00:00,,VPP Sonnen NSW 1,Sonnen Australia Pty Limited,,2026_08
FNWF1,VIC1,DIAMOND,FNWF,GENERATOR,NON-SCHEDULED,0.9993,2024/12/02 00:00:00,Wind,Ferguson North Wind Farm,Diamond Energy Pty Ltd,Wind,2026_08
ASSSN1,SA1,SONNMASP,ASSSN,LOAD,NON-SCHEDULED,1,2024/12/18 00:00:00,,AS Sonnen SA,Sonnen Australia Pty Limited,,2026_08
MLLFGEF1,NSW1,LGIGEN,MLLFGEF,GENERATOR,NON-SCHEDULED,0.9567,2025/02/04 00:00:00,Landfill biogas methane,Mugga Lane Landfill Gas To Energy Facility,LGI Limited,Bioenergy,2026_08
BHBL1,NSW1,MACQGEN,BHBESS,LOAD,SCHEDULED,0.8284,2024/07/26 00:00:00,,Broken Hill Battery Energy Storage System,AGL Macquarie Pty Limited,,2026_08
BHBG1,NSW1,MACQGEN,BHBESS,GENERATOR,SCHEDULED,0.8423,2024/07/26 00:00:00,Battery Storage,Broken Hill Battery Energy Storage System,AGL Macquarie Pty Limited,Battery,2026_08
WANDBG1,QLD1,AGLWBESS,WANDBESS,GENERATOR,SCHEDULED,0.9823,2024/07/26 00:00:00,Battery Storage,Wandoan BESS,AGL Sales (Queensland Electricity) Pty Limited,Battery,2026_08
WANDBL1,QLD1,AGLWBESS,WANDBESS,LOAD,SCHEDULED,0.9877,2024/07/26 00:00:00,,Wandoan BESS,AGL Sales (Queensland Electricity) Pty Limited,,2026_08
DALNTH01,SA1,DALRYMPN,DALNTH,GENERATOR,SCHEDULED,0.9092,2024/07/31 00:00:00,Battery Storage,Dalrymple North BESS,AGL Dalrymple Pty Limited,Battery,2026_08
TIBG1,SA1,TIPSCO,TIBESS,GENERATOR,SCHEDULED,0.9998,2024/07/31 00:00:00,Battery Storage,Torrens Island BESS,AGL SA Generation Pty Limited,Battery,2026_08
TIBL1,SA1,TIPSCO,TIBESS,LOAD,SCHEDULED,0.9996,2024/07/31 00:00:00,,Torrens Island BESS,AGL SA Generation Pty Limited,,2026_08
DALNTHL1,SA1,DALRYMPN,DALNTH,LOAD,SCHEDULED,0.9005,2024/07/31 00:00:00,,Dalrymple North BESS,AGL Dalrymple Pty Limited,,2026_08
GANNBL1,VIC1,GANNBESS,GANNBESS,LOAD,SCHEDULED,0.9597,2024/08/14 00:00:00,,Gannawarra Energy Storage System,EnergyAustralia Pty Ltd,,2026_08
DPNTBL1,NSW1,DPNTBESS,DPNTBESS,LOAD,SCHEDULED,0.8774,2024/08/14 00:00:00,,Darlington Point Energy Storage System,EnergyAustralia Pty Ltd,,2026_08
BALBL1,VIC1,BALBESS,BALBESS,LOAD,SCHEDULED,0.9605,2024/08/14 00:00:00,,Ballarat Battery Energy Storage System,EnergyAustralia Pty Ltd,,2026_08
RIVNBG2,NSW1,DPNTBESS,RESS2,GENERATOR,SCHEDULED,0.9048,2024/08/14 00:00:00,Battery Storage,Riverina Energy Storage System 2,EnergyAustralia Pty Ltd,Battery,2026_08
BALBG1,VIC1,BALBESS,BALBESS,GENERATOR,SCHEDULED,0.9713,2024/08/14 00:00:00,Battery Storage,Ballarat Battery Energy Storage System,EnergyAustralia Pty Ltd,Battery,2026_08
DPNTBG1,NSW1,DPNTBESS,DPNTBESS,GENERATOR,SCHEDULED,0.9048,2024/08/14 00:00:00,Battery Storage,Darlington Point Energy Storage System,EnergyAustralia Pty Ltd,Battery,2026_08
RIVNBL2,NSW1,DPNTBESS,RESS2,LOAD,SCHEDULED,0.8774,2024/08/14 00:00:00,,Riverina Energy Storage System 2,EnergyAustralia Pty Ltd,,2026_08
GANNBG1,VIC1,GANNBESS,GANNBESS,GENERATOR,SCHEDULED,1.0155,2024/08/14 00:00:00,Battery Storage,Gannawarra Energy Storage System,EnergyAustralia Pty Ltd,Battery,2026_08
QBYNBL1,NSW1,BERBANK,QBYNBESS,LOAD,SCHEDULED,0.9795,2024/08/28 00:00:00,,Queanbeyan BESS,Berrybank 2 Asset Pty Ltd As The Trustee For Berrybank 2 Asset Trust,,2026_08
QBYNBG1,NSW1,BERBANK,QBYNBESS,GENERATOR,SCHEDULED,0.9571,2024/08/28 00:00:00,Battery Storage,Queanbeyan BESS,Berrybank 2 Asset Pty Ltd As The Trustee For Berrybank 2 Asset Trust,Battery,2026_08
PIBESSL1,VIC1,MONDO,PIBESS,LOAD,SCHEDULED,0.9848,2024/09/04 00:00:00,,Phillip Island BESS,Mondo Metering Pty Ltd,,2026_08
PIBESSG1,VIC1,MONDO,PIBESS,GENERATOR,SCHEDULED,0.9848,2024/09/04 00:00:00,Battery Storage,Phillip Island BESS,Mondo Metering Pty Ltd,Battery,2026_08
HBESSG1,VIC1,HBESS,HBESS1,GENERATOR,SCHEDULED,0.9804,2024/09/04 00:00:00,Battery Storage,Hazelwood Battery Energy Storage System,Hazelwood BESS Project Co Pty Ltd ATF The HBESS Asset Trust,Battery,2026_08
HBESSL1,VIC1,HBESS,HBESS1,LOAD,SCHEDULED,0.9864,2024/09/04 00:00:00,,Hazelwood Battery Energy Storage System,Hazelwood BESS Project Co Pty Ltd ATF The HBESS Asset Trust,,2026_08
BOWWBA1L,SA1,SAWCML,BOLIVAR,LOAD,SCHEDULED,1.0004,2024/10/02 00:00:00,,Bolivar Waste Water Treatment Plant,South Australian Water Corporation,,2026_08
BOWWBA1G,SA1,SAWCML,BOLIVAR,GENERATOR,SCHEDULED,1.0004,2024/10/02 00:00:00,Battery Storage,Bolivar Waste Water Treatment Plant,South Australian Water Corporation,Battery,2026_08
ADPBA1L,SA1,SAWCML,ADP,LOAD,SCHEDULED,1.0025,2024/10/02 00:00:00,,Adelaide Desalination Plant,South Australian Water Corporation,,2026_08
CBWWBA1G,SA1,SAWCML,CBWW,GENERATOR,SCHEDULED,1.0025,2024/10/02 00:00:00,Battery Storage,Christies Beach WWTP,South Australian Water Corporation,Battery,2026_08
ADPBA1G,SA1,SAWCML,ADP,GENERATOR,SCHEDULED,1.0025,2024/10/02 00:00:00,Battery Storage,Adelaide Desalination Plant,South Australian Water Corporation,Battery,2026_08
CBWWBA1L,SA1,SAWCML,CBWW,LOAD,SCHEDULED,1.0025,2024/10/02 00:00:00,,Christies Beach WWTP,South Australian Water Corporation,,2026_08
HVWWBA1G,SA1,SAWCML,HVWW,GENERATOR,SCHEDULED,1.0043,2024/10/02 00:00:00,Battery Storage,Happy Valley WTP,South Australian Water Corporation,Battery,2026_08
HVWWBA1L,SA1,SAWCML,HVWW,LOAD,SCHEDULED,1.0043,2024/10/02 00:00:00,,Happy Valley WTP,South Australian Water Corporation,,2026_08
HPRL1,SA1,HORNSPR,HORNSDPR,LOAD,SCHEDULED,0.9625,2024/10/02 00:00:00,,Hornsdale Power Reserve,Hornsdale Power Reserve Pty Ltd,,2026_08
CAPBES1G,NSW1,CAPBESS,CBESS,GENERATOR,SCHEDULED,0.9337,2024/10/02 00:00:00,Battery Storage,Capital Battery,Capital Battery Pty Ltd As Trustee For Capital Battery Trust,Battery,2026_08
HPRG1,SA1,HORNSPR,HORNSDPR,GENERATOR,SCHEDULED,0.9657,2024/10/02 00:00:00,Battery Storage,Hornsdale Power Reserve,Hornsdale Power Reserve Pty Ltd,Battery,2026_08
CAPBES1L,NSW1,CAPBESS,CBESS,LOAD,SCHEDULED,1.0084,2024/10/02 00:00:00,,Capital Battery,Capital Battery Pty Ltd As Trustee For Capital Battery Trust,,2026_08
VBBG1,VIC1,VICBAT,VBB,GENERATOR,SCHEDULED,0.9879,2024/10/09 00:00:00,Battery Storage,Victorian Big Battery,Victorian Big Battery Pty Ltd,Battery,2026_08
BULBESG1,VIC1,BULGANA,BULGANA,GENERATOR,SCHEDULED,0.8733,2024/10/09 00:00:00,Battery Storage,Bulgana Green Power Hub,Bulgana Wind Farm Pty Ltd,Battery,2026_08
VBBL1,VIC1,VICBAT,VBB,LOAD,SCHEDULED,0.9858,2024/10/09 00:00:00,,Victorian Big Battery,Victorian Big Battery Pty Ltd,,2026_08
BULBESL1,VIC1,BULGANA,BULGANA,LOAD,SCHEDULED,0.8733,2024/10/09 00:00:00,,Bulgana Green Power Hub,Bulgana Wind Farm Pty Ltd,,2026_08
LBBL1,SA1,LKBWFBES,LBBESS,LOAD,SCHEDULED,1.037,2024/10/16 00:00:00,,Lake Bonney BESS1,Lake Bonney Wind Power Pty Ltd,,2026_08
WALGRVL1,NSW1,WALGBESS,WALGBESS,LOAD,SCHEDULED,1.0009,2024/10/16 00:00:00,,Wallgrove BESS 1,Iberdrola Australia Wallgrove Pty Limited,,2026_08
LBBG1,SA1,LKBWFBES,LBBESS,GENERATOR,SCHEDULED,0.9841,2024/10/16 00:00:00,Battery Storage,Lake Bonney BESS1,Lake Bonney Wind Power Pty Ltd,Battery,2026_08
WALGRVG1,NSW1,WALGBESS,WALGBESS,GENERATOR,SCHEDULED,1.001,2024/10/16 00:00:00,Battery Storage,Wallgrove BESS 1,Iberdrola Australia Wallgrove Pty Limited,Battery,2026_08
BBATRYL1,QLD1,BOULBESS,BBATTERY,LOAD,SCHEDULED,0.9528,2024/10/23 00:00:00,,Bouldercombe Battery Project,Bouldercombe Battery Project Co Pty Ltd ATF Bouldercombe Battery Project,,2026_08
BBATTERY,QLD1,BOULBESS,BBATTERY,GENERATOR,SCHEDULED,0.9166,2024/10/23 00:00:00,Battery Storage,Bouldercombe Battery Project,Bouldercombe Battery Project Co Pty Ltd ATF Bouldercombe Battery Project,Battery,2026_08
RESS1L,NSW1,RIVEBESS,RESS1,LOAD,SCHEDULED,0.8657,2024/11/06 00:00:00,,Riverina BESS 1,Shell Energy Retail Pty Ltd,,2026_08
RESS1G,NSW1,RIVEBESS,RESS1,GENERATOR,SCHEDULED,0.8702,2024/11/06 00:00:00,Battery Storage,Riverina BESS 1,Shell Energy Retail Pty Ltd,Battery,2026_08
CHBESSG1,QLD1,CSENERGY,CHBESS,GENERATOR,SCHEDULED,0.9611,2024/11/06 00:00:00,Battery Storage,Chinchilla BESS,CS Energy Limited,Battery,2026_08
CHBESSL1,QLD1,CSENERGY,CHBESS,LOAD,SCHEDULED,0.9761,2024/11/06 00:00:00,,Chinchilla BESS,CS Energy Limited,,2026_08
WDBESSG1,QLD1,WDOWBESS,WDBESS,GENERATOR,SCHEDULED,0.9556,2024/12/04 00:00:00,Battery Storage,Western Downs Battery Energy Storage System (BESS),Western Downs BESS Pty Ltd ATF The Western Downs BESS Trust,Battery,2026_08
WDBESSL1,QLD1,WDOWBESS,WDBESS,LOAD,SCHEDULED,0.9762,2024/12/04 00:00:00,,Western Downs Battery Energy Storage System (BESS),Western Downs BESS Pty Ltd ATF The Western Downs BESS Trust,,2026_08
TB2BL1,SA1,TAILEM,TB2HYB,LOAD,SCHEDULED,1.0102,2024/12/11 00:00:00,,Tailem Bend 2 Hybrid Renewable Power Station,Tailem Bend II Project Company Pty Ltd ATF Tailem Bend II Project Trust,,2026_08
TB2BG1,SA1,TAILEM,TB2HYB,GENERATOR,SCHEDULED,1.0102,2024/12/11 00:00:00,Battery Storage,Tailem Bend 2 Hybrid Renewable Power Station,Tailem Bend II Project Company Pty Ltd ATF Tailem Bend II Project Trust,Battery,2026_08
DREXMN01,NSW1,ENERGYXM,DREXMN01,LOAD,NON-SCHEDULED,1,2025/04/25 00:00:00,,DREXMN01,EnergyX Markets Pty Ltd,,2026_08
BBASEHOS,VIC1,RESPONSE,BBASEHOS,GENERATOR,NON-SCHEDULED,0.9825,2025/07/15 00:00:00,Natural Gas (Pipeline),Ballarat Base Hospital Plant,Enel X Australia Pty Ltd,Gas,2026_08
BLNKTAS,TAS1,BASSLINK,BASSLINK,GENERATOR,NON-SCHEDULED,1,2026/07/01 00:00:00,,Basslink HVDC Link,Basslink Pty Ltd,,2026_08
DRAESN1,NSW1,AGLES,DRAESN1,LOAD,NON-SCHEDULED,1,2025/07/18 00:00:00,,DR AES N VL1,AGL Energy Services Pty Limited,,2026_08
BLNKVIC,VIC1,BASSLINK,BASSLINK,GENERATOR,NON-SCHEDULED,0.9907,2026/07/01 00:00:00,,Basslink HVDC Link,Basslink Pty Ltd,,2026_08
WESTCBT1,NSW1,RESPONSE,WESTCBT,GENERATOR,NON-SCHEDULED,0.9961,2025/07/15 00:00:00,Diesel oil,Western Suburbs League Club (Campbelltown) Plant,Enel X Australia Pty Ltd,Diesel,2026_08
CHPSTWF1,VIC1,AETVPOWR,CHPSTWF,GENERATOR,NON-SCHEDULED,0.9825,2025/09/30 00:00:00,Wind,Chepstowe Wind Farm,AETV Pty Ltd,Wind,2026_08
ASVIEL2,VIC1,SAVPP1,ASVIEL2,LOAD,NON-SCHEDULED,1,2025/12/12 00:00:00,,AS TEP ENLOC V VL2,EL Retail Energy Pty Ltd,,2026_08
ASNSEL2,NSW1,SAVPP1,ASNSEL2,LOAD,NON-SCHEDULED,1,2025/12/12 00:00:00,,AS TEP ENLOC N VL2,EL Retail Energy Pty Ltd,,2026_08
VSSEL1V1,SA1,SAVPP1,VSSEL1,LOAD,NON-SCHEDULED,1,2025/12/12 00:00:00,,VPP Energy Locals SA 1,EL Retail Energy Pty Ltd,,2026_08
ASSEL1,SA1,SAVPP1,ASSEL,LOAD,NON-SCHEDULED,1,2026/03/04 00:00:00,,Energy Locals SA VPP,EL Retail Energy Pty Ltd,,2026_08
BROOKLYN,VIC1,EDLLFGV,BROOKLYN,GENERATOR,NON-SCHEDULED,1.0029,2026/08/04 00:00:00,Landfill biogas methane,Brooklyn LFG U1-3,EDL LFG (Vic) Pty Ltd,Bioenergy,2026_08
HEPWIND1,VIC1,HEPBURN,HEPWIND,GENERATOR,NON-SCHEDULED,0.9791,2026/09/03 00:00:00,Wind,Hepburn Community Wind Farm,Progressive Green Pty Ltd,Wind,2026_08
AGLHAL,SA1,HALLETT,AGLHAL,GENERATOR,SCHEDULED,0.9628,2999/12/31 00:00:00,Natural Gas (Pipeline),Hallett Power Station,EnergyAustralia Yallourn Pty Ltd,Gas,2026_08
MTMILLAR,SA1,MTMILLAR,MTMILLAR,GENERATOR,SEMI-SCHEDULED,0.9387,2999/12/31 00:00:00,Wind,Mt Millar Wind Farm,Mt Millar Wind Farm Pty Ltd,Wind,2026_08
HASTING2,VIC1,PROGREEN,HASTING,GENERATOR,NON-SCHEDULED,0.9969,2999/12/31 00:00:00,Ethane,Hastings Generation Site,Progressive Green Pty Ltd,Gas,2026_08
HASTING1,VIC1,PROGREEN,HASTING,GENERATOR,NON-SCHEDULED,0.9969,2999/12/31 00:00:00,Ethane,Hastings Generation Site,Progressive Green Pty Ltd,Gas,2026_08
HAMISF1,QLD1,HAMISF,HAMISF,GENERATOR,SEMI-SCHEDULED,0.872,2999/12/31 00:00:00,Solar,Hamilton Solar Farm,Hamilton Solar Farm Pty Ltd,Solar,2026_08
HALLWF2,SA1,TIPSCO,HALLWF2,GENERATOR,SEMI-SCHEDULED,0.9606,2999/12/31 00:00:00,Wind,Hallett 2 Wind Farm,AGL SA Generation Pty Limited,Wind,2026_08
HALLWF1,SA1,TIPSCO,HALLWF,GENERATOR,SEMI-SCHEDULED,0.9628,2999/12/31 00:00:00,Wind,Hallett 1 Wind Farm,AGL SA Generation Pty Limited,Wind,2026_08
HALAMRD1,VIC1,LMSENE,HALAMRD,GENERATOR,NON-SCHEDULED,0.9959,2999/12/31 00:00:00,Landfill biogas methane,HALLAM ROAD RENEWABLE ENERGY FACILITY,LMS Energy Pty Ltd,Bioenergy,2026_08
GUTHNL1,NSW1,SNOWY,SNOWY3,GENERATOR,NON-SCHEDULED,1.0048,2999/12/31 00:00:00,Hydro,Guthega Power Station,Snowy Hydro Limited,Hydro,2026_08
GUTHEGA,NSW1,SNOWY,SNOWY3,GENERATOR,SCHEDULED,0.9273,2999/12/31 00:00:00,Hydro,Guthega Power Station,Snowy Hydro Limited,Hydro,2026_08
GUSF1,QLD1,GUNSYND,GUSF,GENERATOR,SEMI-SCHEDULED,0.9827,2999/12/31 00:00:00,Solar,Gunsynd Solar Farm,Progressive Renewable Developments Goondiwindi P/L ATF Gunsynd Solar Farm Projec,Solar,2026_08
GUNNING1,NSW1,GUNNING,GUNNING,GENERATOR,SEMI-SCHEDULED,0.9528,2999/12/31 00:00:00,Wind,Gunning Wind Farm,Gunning Wind Energy Developments Pty Ltd,Wind,2026_08
GULLRWF2,NSW1,NEWGRWF,GULLRGWF,GENERATOR,SEMI-SCHEDULED,0.9635,2999/12/31 00:00:00,Wind,Gullen Range Wind Farm,New Gullen Range Wind Farm Pty Ltd,Wind,2026_08
GULLRWF1,NSW1,NEWGRWF,GULLRGWF,GENERATOR,SEMI-SCHEDULED,0.9635,2999/12/31 00:00:00,Wind,Gullen Range Wind Farm,New Gullen Range Wind Farm Pty Ltd,Wind,2026_08
GULLRSF1,NSW1,NEWGRWF,GULLRGWF,GENERATOR,SEMI-SCHEDULED,0.9635,2999/12/31 00:00:00,Solar,Gullen Range Wind Farm,New Gullen Range Wind Farm Pty Ltd,Solar,2026_08
GSWF1B1,SA1,GSWF1B,GSWF1B,GENERATOR,SEMI-SCHEDULED,0.9687,2999/12/31 00:00:00,Wind,Goyder South Wind Farm 1B,Goyder Wind Farm 1B Pty Ltd ATF Goyder Wind Farm 1B Trust,Wind,2026_08
GSWF1A,SA1,GSWF1A,GSWF1A,GENERATOR,SEMI-SCHEDULED,0.9687,2999/12/31 00:00:00,Wind,Goyder South Wind Farm 1A,Goyder Wind Farm 1 Pty Ltd ATF Goyder Wind Farm 1 Trust,Wind,2026_08
GSTONE6,QLD1,CSENERGY,G/STONE,GENERATOR,SCHEDULED,0.9299,2999/12/31 00:00:00,Black coal,GLADSTONE POWER STATION,CS Energy Limited,Black Coal,2026_08
GSTONE5,QLD1,CSENERGY,G/STONE,GENERATOR,SCHEDULED,0.9299,2999/12/31 00:00:00,Black coal,GLADSTONE POWER STATION,CS Energy Limited,Black Coal,2026_08
GSTONE4,QLD1,CSENERGY,G/STONE,GENERATOR,SCHEDULED,0.9267,2999/12/31 00:00:00,Black coal,GLADSTONE POWER STATION,CS Energy Limited,Black Coal,2026_08
GSTONE3,QLD1,CSENERGY,G/STONE,GENERATOR,SCHEDULED,0.9267,2999/12/31 00:00:00,Black coal,GLADSTONE POWER STATION,CS Energy Limited,Black Coal,2026_08
HASTING3,VIC1,PROGREEN,HASTING,GENERATOR,NON-SCHEDULED,0.9969,2999/12/31 00:00:00,Ethane,Hastings Generation Site,Progressive Green Pty Ltd,Gas,2026_08
HAUGHT11,QLD1,HAUGHTSF,HAUGHT1,GENERATOR,SEMI-SCHEDULED,0.8766,2999/12/31 00:00:00,Solar,"Haughton Solar Farm Stage 1, Units 1-81",Pacific Hydro Haughton Solar Farm Pty Ltd,Solar,2026_08
HAUGHTSS,QLD1,HAUGHTSF,HAUGHTSS,LOAD,NON-SCHEDULED,1,2999/12/31 00:00:00,,Haughton Synchronous Condenser,Pacific Hydro Haughton Solar Farm Pty Ltd,,2026_08
HAYMSF1,QLD1,HAYMSF,HAYMSF,GENERATOR,SEMI-SCHEDULED,0.8758,2999/12/31 00:00:00,Solar,Hayman Solar Farm,Hayman Solar Farm Pty Ltd As The Trustee For The Hayman Solar Farm Trust,Solar,2026_08
JLA03,VIC1,ECOGEN,JEERA,GENERATOR,SCHEDULED,0.9823,2999/12/31 00:00:00,Natural Gas (Pipeline),"Jeeralang ""A"" Power Station",EnergyAustralia Ecogen Pty Ltd,Gas,2026_08
JLA02,VIC1,ECOGEN,JEERA,GENERATOR,SCHEDULED,0.9823,2999/12/31 00:00:00,Natural Gas (Pipeline),"Jeeralang ""A"" Power Station",EnergyAustralia Ecogen Pty Ltd,Gas,2026_08
JLA01,VIC1,ECOGEN,JEERA,GENERATOR,SCHEDULED,0.9823,2999/12/31 00:00:00,Natural Gas (Pipeline),"Jeeralang ""A"" Power Station",EnergyAustralia Ecogen Pty Ltd,Gas,2026_08
JBUTTERS,TAS1,HYDROTAS,JBUTTERS,GENERATOR,SCHEDULED,0.9602,2999/12/31 00:00:00,Hydro,John Butters Power Station,Hydro-Electric Corporation,Hydro,2026_08
JACKSGUL,NSW1,EDLLFGN,JACKSGUL,GENERATOR,NON-SCHEDULED,0.9917,2999/12/31 00:00:00,Landfill biogas methane,Jacks Gully Landfill Gas Power Station,EDL LFG (NSW) Pty Ltd,Bioenergy,2026_08
INVICTA,QLD1,STANRET,INVICTA,GENERATOR,NON-SCHEDULED,0.9168,2999/12/31 00:00:00,Bagasse,Invicta Sugar Mill,Stanwell Corporation Limited,Bioenergy,2026_08
HUNTER2,NSW1,SNOWY,HUNTER,GENERATOR,SCHEDULED,0.9543,2999/12/31 00:00:00,Natural Gas (Pipeline),Hunter Power Station,Snowy Hydro Limited,Gas,2026_08
HUNTER1,NSW1,SNOWY,HUNTER,GENERATOR,SCHEDULED,0.9543,2999/12/31 00:00:00,Natural Gas (Pipeline),Hunter Power Station,Snowy Hydro Limited,Gas,2026_08
HUMEV,VIC1,GSPOWER,HUMEV,GENERATOR,SCHEDULED,0.957,2999/12/31 00:00:00,Hydro,Hume (Vic) Hydro Power Station,GSP Energy Pty Ltd,Hydro,2026_08
GSTONE2,QLD1,CSENERGY,G/STONE,GENERATOR,SCHEDULED,0.9299,2999/12/31 00:00:00,Black coal,GLADSTONE POWER STATION,CS Energy Limited,Black Coal,2026_08
HUMENSW,NSW1,GSPOWER,HUMENSW,GENERATOR,SCHEDULED,0.945,2999/12/31 00:00:00,Hydro,Hume (NSW) Hydro Power Station,GSP Energy Pty Ltd,Hydro,2026_08
HPR1,SA1,HORNSPR,HORNSDPR,BIDIRECTIONAL,SCHEDULED,0.975,2999/12/31 00:00:00,Battery Storage,Hornsdale Power Reserve,Hornsdale Power Reserve Pty Ltd,Battery,2026_08
HLMSEW01,VIC1,PROGREEN,HLMSEW01,GENERATOR,NON-SCHEDULED,0.9961,2999/12/31 00:00:00,Hydro,South East Water - Halllam Hydro Plant,Progressive Green Pty Ltd,Hydro,2026_08
HILLSTN1,NSW1,HILLSTON,HILLSTN,GENERATOR,SEMI-SCHEDULED,0.8652,2999/12/31 00:00:00,Solar,Hillston Sun Farm,Hillston Sun Farm Operations Pty Ltd ATF Hillston Sun Farm Operations Trust,Solar,2026_08
HEZ1,NSW1,SNOWY,HEZ1,GENERATOR,SCHEDULED,0.9831,2999/12/31 00:00:00,Diesel oil,Hunter Economic Zone,Snowy Hydro Limited,Diesel,2026_08
HDWF3,SA1,HWF3,HORNSDAL3,GENERATOR,SEMI-SCHEDULED,0.9533,2999/12/31 00:00:00,Wind,Hornsdale Wind Farm 3,HWF3 Pty Ltd,Wind,2026_08
HDWF2,SA1,HORNSDL2,HORNSDAL2,GENERATOR,SEMI-SCHEDULED,0.9533,2999/12/31 00:00:00,Wind,Hornsdale Wind Farm 2,HWF 2 Pty Ltd,Wind,2026_08
HDWF1,SA1,HORNSDAL,HORNSDAL,GENERATOR,SEMI-SCHEDULED,0.9533,2999/12/31 00:00:00,Wind,Hornsdale Wind Farm,HWF1 Pty Ltd,Wind,2026_08
HD1WF1,VIC1,HAWKES,HDWF,GENERATOR,SEMI-SCHEDULED,0.9822,2999/12/31 00:00:00,Wind,Hawkesdale Wind Farm,Hawkesdale Asset Pty Ltd As Trustee For Hawkesdale Asset Trust,Wind,2026_08
HBESS1,VIC1,HBESS,HBESS1,BIDIRECTIONAL,SCHEDULED,0.9873,2999/12/31 00:00:00,Battery Storage,Hazelwood Battery Energy Storage System,Hazelwood BESS Project Co Pty Ltd ATF The HBESS Asset Trust,Battery,2026_08
HUGSF1,QLD1,HUGSF,HUGSF,GENERATOR,NON-SCHEDULED,0.8832,2999/12/31 00:00:00,Solar,Hughenden Solar Farm,Hughenden Solar Pty Limited As Trustee For Hughenden Solar Trust,Solar,2026_08
JLA04,VIC1,ECOGEN,JEERA,GENERATOR,SCHEDULED,0.9823,2999/12/31 00:00:00,Natural Gas (Pipeline),"Jeeralang ""A"" Power Station",EnergyAustralia Ecogen Pty Ltd,Gas,2026_08
GSTONE1,QLD1,CSENERGY,G/STONE,GENERATOR,SCHEDULED,0.9299,2999/12/31 00:00:00,Black coal,GLADSTONE POWER STATION,CS Energy Limited,Black Coal,2026_08
GROSV1,QLD1,MBAHNTH,GROSV1,GENERATOR,NON-SCHEDULED,0.9797,2999/12/31 00:00:00,Coal mine waste gas,Grosvenor 1 Waste Coal Mine Gas Power Station,EDL Projects (Australia) Pty Ltd,Gas,2026_08
GERMCRK,QLD1,EDLCSMQ,GERMCRK,GENERATOR,NON-SCHEDULED,0.9131,2999/12/31 00:00:00,Landfill biogas methane,German Creek Power Station,EDL CSM (QLD) Pty Ltd,Bioenergy,2026_08
GANNSF1,VIC1,GANNSF,GANNSF,GENERATOR,SEMI-SCHEDULED,0.929,2999/12/31 00:00:00,Solar,Gannawarra Solar Farm,Gannawarra Solar Farm Pty Ltd,Solar,2026_08
GANNB1,VIC1,GANNBESS,GANNBESS,BIDIRECTIONAL,SCHEDULED,0.9919,2999/12/31 00:00:00,Battery Storage,Gannawarra Energy Storage System,EnergyAustralia Pty Ltd,Battery,2026_08
GANGARR1,QLD1,SHELLNEW,GANGARRI,GENERATOR,SEMI-SCHEDULED,0.9918,2999/12/31 00:00:00,Solar,Gangarri Solar Farm,Shell New Energies Australia Pty Ltd,Solar,2026_08
FSWF1,VIC1,YESSA,FSWF,GENERATOR,NON-SCHEDULED,0.9949,2999/12/31 00:00:00,Wind,Ferguson South Wind Farm,Y.E.S. Energy (SA) Pty Ltd,Wind,2026_08
FLYCRKWF,NSW1,BBPEM,FLYCRKWF,GENERATOR,SEMI-SCHEDULED,1.0047,2999/12/31 00:00:00,Wind,Flyers Creek Wind Farm,Iberdrola Australia Energy Markets Pty Limited,Wind,2026_08
FISHER,TAS1,HYDROTAS,FISHER,GENERATOR,SCHEDULED,0.9796,2999/12/31 00:00:00,Hydro,Fisher Power Station,Hydro-Electric Corporation,Hydro,2026_08
FINLYSF1,NSW1,FINLEYSF,FINLEYSF,GENERATOR,SEMI-SCHEDULED,0.8521,2999/12/31 00:00:00,Solar,Finely Solar Farm,The Trustee For Finley Solar Trust,Solar,2026_08
ERNL1,NSW1,OERARING,ERARING,GENERATOR,NON-SCHEDULED,0.9905,2999/12/31 00:00:00,Black coal,ERARING POWER STATION,Origin Energy Electricity Limited,Black Coal,2026_08
ERGT01,NSW1,OERARING,ERGT01,GENERATOR,NON-SCHEDULED,0.9831,2999/12/31 00:00:00,Black coal,Eraring Power Station,Origin Energy Electricity Limited,Black Coal,2026_08
ER04,NSW1,OERARING,ERARING,GENERATOR,SCHEDULED,0.9849,2999/12/31 00:00:00,Black coal,ERARING POWER STATION,Origin Energy Electricity Limited,Black Coal,2026_08
ER03,NSW1,OERARING,ERARING,GENERATOR,SCHEDULED,0.9849,2999/12/31 00:00:00,Black coal,ERARING POWER STATION,Origin Energy Electricity Limited,Black Coal,2026_08
ER02,NSW1,OERARING,ERARING,GENERATOR,SCHEDULED,0.9831,2999/12/31 00:00:00,Black coal,ERARING POWER STATION,Origin Energy Electricity Limited,Black Coal,2026_08
ER01,NSW1,OERARING,ERARING,GENERATOR,SCHEDULED,0.9831,2999/12/31 00:00:00,Black coal,ERARING POWER STATION,Origin Energy Electricity Limited,Black Coal,2026_08
ELAINWF1,VIC1,LALLALWF,ELAINEWF,GENERATOR,SEMI-SCHEDULED,0.9556,2999/12/31 00:00:00,Wind,Elaine Wind Farm,Lal Lal Wind Farms Nom Co Pty Ltd,Wind,2026_08
EILDON3,VIC1,PACHYDIN,EILDONPD,GENERATOR,NON-SCHEDULED,0.9978,2999/12/31 00:00:00,Hydro,Eildon Power Station,Pacific Hydro Investments Pty Ltd,Hydro,2026_08
EILDON2,VIC1,SOUTHHYD,EILDON,GENERATOR,SCHEDULED,0.9856,2999/12/31 00:00:00,Hydro,EILDON POWER STATION,AGL Hydro Partnership,Hydro,2026_08
EILDON1,VIC1,SOUTHHYD,EILDON,GENERATOR,SCHEDULED,0.9856,2999/12/31 00:00:00,Hydro,EILDON POWER STATION,AGL Hydro Partnership,Hydro,2026_08
EDENVSF1,QLD1,EDENVALE,EDENVSF,GENERATOR,SEMI-SCHEDULED,0.9797,2999/12/31 00:00:00,Solar,Edenvale Solar Park,Edenvale Solar Park Pty Ltd,Solar,2026_08
GESF1,NSW1,GESF,GESF,GENERATOR,SEMI-SCHEDULED,0.8977,2999/12/31 00:00:00,Solar,Glenellen Solar Farm,Glenellen Asset Pty Ltd ATF Glenellen Asset Trust,Solar,2026_08
GIRGSF,VIC1,ENELAUS,GIRGSF,GENERATOR,SEMI-SCHEDULED,0.921,2999/12/31 00:00:00,Solar,Girgarre Solar Farm,Potentia Energy Retail Pty Ltd,Solar,2026_08
GLADNL1,QLD1,CSENERGY,G/STONE,GENERATOR,NON-SCHEDULED,0.9267,2999/12/31 00:00:00,Black coal,GLADSTONE POWER STATION,CS Energy Limited,Black Coal,2026_08
GLBWNHYD,NSW1,SOUTHHYD,GLBWNHYD,GENERATOR,NON-SCHEDULED,0.9721,2999/12/31 00:00:00,Hydro,Glenbawn Hydro Power Station,AGL Hydro Partnership,Hydro,2026_08
GRIFSF1,NSW1,GRIFFITH,GRIFSF,GENERATOR,NON-SCHEDULED,0.8654,2999/12/31 00:00:00,Solar,Griffith Solar Farm,Griffith Solar Farm Pty Ltd,Solar,2026_08
GREENB1,QLD1,CSENERGY,GREENB,BIDIRECTIONAL,SCHEDULED,1.0035,2999/12/31 00:00:00,Battery Storage,Greenbank BESS,CS Energy Limited,Battery,2026_08
GRANWF1,TAS1,GRANHAWF,GRANWF,GENERATOR,SEMI-SCHEDULED,0.9688,2999/12/31 00:00:00,Wind,Granville Harbour Wind Farm,The Trustee For Granville Harbour Operations Trust,Wind,2026_08
GRANGEAV,NSW1,EDLLFGN,GRANGEAV,GENERATOR,NON-SCHEDULED,0.9993,2999/12/31 00:00:00,Landfill biogas methane,Grange Avenue Landfill Gas Power Station,EDL LFG (NSW) Pty Ltd,Bioenergy,2026_08
GPWFWST2,VIC1,GPWF2,GPWFWEST,GENERATOR,SEMI-SCHEDULED,0.9823,2999/12/31 00:00:00,Wind,Golden Plains Wind Farm West,Golden Plains WF2 Pty Ltd ATF The Golden Plains WF2 Unit Trust,Wind,2026_08
GPWFWST1,VIC1,GPWF2,GPWFWEST,GENERATOR,SEMI-SCHEDULED,0.9823,2999/12/31 00:00:00,Wind,Golden Plains Wind Farm West,Golden Plains WF2 Pty Ltd ATF The Golden Plains WF2 Unit Trust,Wind,2026_08
GPWFWL1,VIC1,GPWF2,GPWFWEST,LOAD,NON-SCHEDULED,0.9823,2999/12/31 00:00:00,,Golden Plains Wind Farm West,Golden Plains WF2 Pty Ltd ATF The Golden Plains WF2 Unit Trust,,2026_08
GPWFEST3,VIC1,GPWF1,GPWFEAST,GENERATOR,SEMI-SCHEDULED,0.9815,2999/12/31 00:00:00,Wind,Golden Plains Wind Farm East,Golden Plains WF1 Pty Ltd ATF The Golden Plains WF1 Unit Trust,Wind,2026_08
GPWFEST2,VIC1,GPWF1,GPWFEAST,GENERATOR,SEMI-SCHEDULED,0.9815,2999/12/31 00:00:00,Wind,Golden Plains Wind Farm East,Golden Plains WF1 Pty Ltd ATF The Golden Plains WF1 Unit Trust,Wind,2026_08
GROSV2,QLD1,MBAHNTH,GROSV2,GENERATOR,NON-SCHEDULED,0.9797,2999/12/31 00:00:00,Coal mine waste gas,Grosvenor 2,EDL Projects (Australia) Pty Ltd,Gas,2026_08
GPWFEST1,VIC1,GPWF1,GPWFEAST,GENERATOR,SEMI-SCHEDULED,0.9815,2999/12/31 00:00:00,Wind,Golden Plains Wind Farm East,Golden Plains WF1 Pty Ltd ATF The Golden Plains WF1 Unit Trust,Wind,2026_08
GOVILLB1,TAS1,HYDROTAS,GORDON,GENERATOR,NON-SCHEDULED,1.0141,2999/12/31 00:00:00,Hydro,Gordon Power Station,Hydro-Electric Corporation,Hydro,2026_08
GORDON,TAS1,HYDROTAS,GORDON,GENERATOR,SCHEDULED,0.9872,2999/12/31 00:00:00,Hydro,Gordon Power Station,Hydro-Electric Corporation,Hydro,2026_08
GOONSF1,NSW1,GOON,GOONSF,GENERATOR,SEMI-SCHEDULED,0.8918,2999/12/31 00:00:00,Solar,Goonumbla Solar Farm,Goonumbla Asset Co Pty Ltd As The Trustee For Goonumbla Asset Trust,Solar,2026_08
GOESF1,VIC1,GBATEAST,GOESF,GENERATOR,SEMI-SCHEDULED,0.9261,2999/12/31 00:00:00,Solar,Goorambat East Solar Farm,Goorambat East Solar Farm Pty Ltd ATF Goorambat East Solar Farm Trust,Solar,2026_08
GNNDHSF1,NSW1,GUNNEDAH,GNNDHSF,GENERATOR,SEMI-SCHEDULED,0.8463,2999/12/31 00:00:00,Solar,Gunnedah Solar Farm,Gunnedah SF Pty Ltd As Trustee For Gunnedah Asset Trust,Solar,2026_08
GLRWNSF1,VIC1,GLENROSF,GLRWNSF,GENERATOR,SEMI-SCHEDULED,0.9211,2999/12/31 00:00:00,Solar,Glenrowan West Solar Farm,Wirtgen Energy Glenrowan Pty Ltd,Solar,2026_08
GLENSF1,VIC1,GLENSF,GLENSF,GENERATOR,SEMI-SCHEDULED,0.9294,2999/12/31 00:00:00,Solar,GLENROWAN SOLAR FARM,Glenrowan Solar Farm Pty Ltd As Trustee For Glenrowan Solar Farm Trust,Solar,2026_08
GLENNCRK,NSW1,ENVOAKY,GLENNCRK,GENERATOR,NON-SCHEDULED,0.9721,2999/12/31 00:00:00,Coal mine waste gas,Glennies Creek Power Station,EDL (OCI) Pty Limited,Gas,2026_08
GLENMAG1,VIC1,PACHYDIN,GLENMAGG,GENERATOR,NON-SCHEDULED,0.992,2999/12/31 00:00:00,Hydro,Glenmaggie Hydro Power Station,Pacific Hydro Investments Pty Ltd,Hydro,2026_08
GPWFEL1,VIC1,GPWF1,GPWFEAST,LOAD,NON-SCHEDULED,0.9815,2999/12/31 00:00:00,,Golden Plains Wind Farm East,Golden Plains WF1 Pty Ltd ATF The Golden Plains WF1 Unit Trust,,2026_08
EASTCRK,NSW1,EDLLFGN,EASTCRK,GENERATOR,NON-SCHEDULED,1.0016,2999/12/31 00:00:00,Landfill biogas methane,Eastern Creek LFG PS Units 1-4,EDL LFG (NSW) Pty Ltd,Bioenergy,2026_08
JLB01,VIC1,ECOGEN,JEERB,GENERATOR,SCHEDULED,0.9823,2999/12/31 00:00:00,Natural Gas (Pipeline),"Jeeralang ""B"" Power Station",EnergyAustralia Ecogen Pty Ltd,Gas,2026_08
JLB03,VIC1,ECOGEN,JEERB,GENERATOR,SCHEDULED,0.9823,2999/12/31 00:00:00,Natural Gas (Pipeline),"Jeeralang ""B"" Power Station",EnergyAustralia Ecogen Pty Ltd,Gas,2026_08
MEADOWBK,TAS1,HYDROTAS,MEADOWBK,GENERATOR,SCHEDULED,1.0091,2999/12/31 00:00:00,Hydro,Meadowbank Power Station,Hydro-Electric Corporation,Hydro,2026_08
MCKAY1,VIC1,SOUTHHYD,MCKAY,GENERATOR,SCHEDULED,0.9495,2999/12/31 00:00:00,Hydro,Bogong / Mackay Power Station,AGL Hydro Partnership,Hydro,2026_08
MCINTYR1,QLD1,MACINTYR,MCINTYR,GENERATOR,SEMI-SCHEDULED,0.9729,2999/12/31 00:00:00,Wind,MacIntyre Wind Farm,Macintyre UJV Operator Pty Ltd,Wind,2026_08
MBPS2PV1,SA1,SAWCML,MBPS2,GENERATOR,SEMI-SCHEDULED,1.011,2999/12/31 00:00:00,Solar,Murray Bridge-Onkaparinga Pipeline Pumping Station No 2,South Australian Water Corporation,Solar,2026_08
MBAHNTH,QLD1,MBAHNTH,MBAHNTH,GENERATOR,NON-SCHEDULED,0.9921,2999/12/31 00:00:00,Coal mine waste gas,Moranbah North Waste Coal Mine Gas Power Station,EDL Projects (Australia) Pty Ltd,Gas,2026_08
MAROOWF1,VIC1,ALNTARES,MAROOWF1,GENERATOR,NON-SCHEDULED,0.9791,2999/12/31 00:00:00,Wind,Maroona Wind Farm,Alinta Energy Retail Sales Pty Ltd,Wind,2026_08
MAPS3PV1,SA1,SAWCML,MAPS3,GENERATOR,SEMI-SCHEDULED,1.0137,2999/12/31 00:00:00,Solar,Mannum-Adelaide Pipeline Pumping Station No 3,South Australian Water Corporation,Solar,2026_08
MAPS2PV1,SA1,SAWCML,MAPS2,GENERATOR,SEMI-SCHEDULED,1.0134,2999/12/31 00:00:00,Solar,Mannum-Adelaide Pipeline Pumping Station No 2,South Australian Water Corporation,Solar,2026_08
MANSLR1,NSW1,MANILDRA,MANSLR,GENERATOR,SEMI-SCHEDULED,0.9482,2999/12/31 00:00:00,Solar,Manildra Solar Farm,Manildra Prop Pty Ltd As The Trustee For The Manildra Asset Trust,Solar,2026_08
MANNUMB1,SA1,MANNUMB,MANNUMB1,BIDIRECTIONAL,SCHEDULED,1.0083,2999/12/31 00:00:00,Battery Storage,Mannum Battery Energy Storage System,Mannum Stage 2 Battery SubCo Pty Ltd ATF The Mannum Stage 2 Battery Unit Trust,Battery,2026_08
MANNSF2,SA1,MANNUMS2,MANNSF2,GENERATOR,SEMI-SCHEDULED,0.9959,2999/12/31 00:00:00,Solar,Mannum 2 Solar Farm,Mannum Stage 2 SubCo Pty Ltd As Trustee For The Mannum Stage 2 Unit Trust,Solar,2026_08
MACKNTSH,TAS1,HYDROTAS,MACKNTSH,GENERATOR,SCHEDULED,0.9429,2999/12/31 00:00:00,Hydro,Mackintosh Power Station,Hydro-Electric Corporation,Hydro,2026_08
MACARTH1,VIC1,SOUTHYD2,MACARTH,GENERATOR,SEMI-SCHEDULED,0.9824,2999/12/31 00:00:00,Wind,Macarthur Wind Farm,AGL Hydro Partnership,Wind,2026_08
L_W_CNL1,TAS1,HYDROTAS,LI_WY_CA,GENERATOR,NON-SCHEDULED,1.0075,2999/12/31 00:00:00,Hydro,Catagunya / Liapootah / Wayatinah Power Station,Hydro-Electric Corporation,Hydro,2026_08
LYNL1,VIC1,LOYYANGA,LOYYANGA,GENERATOR,NON-SCHEDULED,0.9834,2999/12/31 00:00:00,Brown coal,LOY YANG A POWER STATION,AGL Loy Yang Marketing Pty Ltd,Brown Coal,2026_08
LYA4,VIC1,LOYYANGA,LOYYANGA,GENERATOR,SCHEDULED,0.9834,2999/12/31 00:00:00,Brown coal,LOY YANG A POWER STATION,AGL Loy Yang Marketing Pty Ltd,Brown Coal,2026_08
LYA3,VIC1,LOYYANGA,LOYYANGA,GENERATOR,SCHEDULED,0.9834,2999/12/31 00:00:00,Brown coal,LOY YANG A POWER STATION,AGL Loy Yang Marketing Pty Ltd,Brown Coal,2026_08
LYA2,VIC1,LOYYANGA,LOYYANGA,GENERATOR,SCHEDULED,0.9834,2999/12/31 00:00:00,Brown coal,LOY YANG A POWER STATION,AGL Loy Yang Marketing Pty Ltd,Brown Coal,2026_08
LYA1,VIC1,LOYYANGA,LOYYANGA,GENERATOR,SCHEDULED,0.9834,2999/12/31 00:00:00,Brown coal,LOY YANG A POWER STATION,AGL Loy Yang Marketing Pty Ltd,Brown Coal,2026_08
MERCER01,VIC1,MTMERCER,MTMERCER,GENERATOR,SEMI-SCHEDULED,0.9556,2999/12/31 00:00:00,Wind,Mt Mercer Wind Farm,Mt Mercer Windfarm Pty Ltd,Wind,2026_08
METZSF1,NSW1,METZSF,METZSF,GENERATOR,SEMI-SCHEDULED,0.8657,2999/12/31 00:00:00,Solar,Metz Solar Farm,Metz ProjectCo Pty Ltd As The Trustee For Metz ProjectCo Trust,Solar,2026_08
MEWF1,QLD1,EEQMEWF,MEWF,GENERATOR,SEMI-SCHEDULED,0.9396,2999/12/31 00:00:00,Wind,Mount Emerald Wind Farm,Ergon Energy Queensland Pty Ltd,Wind,2026_08
MIDLDPS1,TAS1,TASIRRIG,MIDLDPS,GENERATOR,NON-SCHEDULED,1.0368,2999/12/31 00:00:00,,Midlands Power Station,Tasmanian Irrigation Pty Ltd,,2026_08
MSTUART3,QLD1,BORAL,MSTUART,GENERATOR,SCHEDULED,0.9545,2999/12/31 00:00:00,Kerosene - non aviation,Mt Stuart Power Station,Origin Energy Electricity Limited,Diesel,2026_08
MSTUART2,QLD1,BORAL,MSTUART,GENERATOR,SCHEDULED,0.9545,2999/12/31 00:00:00,Kerosene - non aviation,Mt Stuart Power Station,Origin Energy Electricity Limited,Diesel,2026_08
MSTUART1,QLD1,BORAL,MSTUART,GENERATOR,SCHEDULED,0.9545,2999/12/31 00:00:00,Kerosene - non aviation,Mt Stuart Power Station,Origin Energy Electricity Limited,Diesel,2026_08
MRTLSWF1,VIC1,MORTLSWF,MRTLSWF,GENERATOR,SEMI-SCHEDULED,0.9507,2999/12/31 00:00:00,Wind,Mortlake South Wind Farm,Mortlake South Wind Farm Pty Ltd,Wind,2026_08
MRNBESS1,VIC1,MRNBESS,MRNBESS,BIDIRECTIONAL,SCHEDULED,0.9971,2999/12/31 00:00:00,Battery Storage,Mornington BESS,Mornington BESS Project Pty Ltd As Trustee For The Mornington BESS Project Trust,Battery,2026_08
MREHA3,VIC1,SECGEN,MREHA3,BIDIRECTIONAL,SCHEDULED,0.9947,2999/12/31 00:00:00,Battery Storage,Melbourne Renewable Energy Hub Connection A3,SEC Energy Pty Ltd,Battery,2026_08
MPP_2,QLD1,METPL,MILLMERN,GENERATOR,SCHEDULED,0.9788,2999/12/31 00:00:00,Black coal,Millmerran Power Plant,Millmerran Energy Trader Pty Ltd,Black Coal,2026_08
MPP_1,QLD1,METPL,MILLMERN,GENERATOR,SCHEDULED,0.9788,2999/12/31 00:00:00,Black coal,Millmerran Power Plant,Millmerran Energy Trader Pty Ltd,Black Coal,2026_08
MOUSF1,QLD1,MOUSF,MOUSF,GENERATOR,SEMI-SCHEDULED,0.885,2999/12/31 00:00:00,Solar,Moura Solar Farm,Moura Solar Farm SPV Pty Ltd ATF Moura Solar Farm Unit Trust,Solar,2026_08
LVES1,VIC1,LVES,LVES,BIDIRECTIONAL,SCHEDULED,0.9934,2999/12/31 00:00:00,Battery Storage,Latrobe Valley BESS,Latrobe Valley BESS Pty Ltd As The Trustee For Latrobe Valley BESS Project Trust,Battery,2026_08
MORTLK12,VIC1,BORAL,MORTLK,GENERATOR,SCHEDULED,0.9955,2999/12/31 00:00:00,Natural Gas (Pipeline),Mortlake Power Station,Origin Energy Electricity Limited,Gas,2026_08
MOREESF1,NSW1,MOREEAC,MOREESF,GENERATOR,SEMI-SCHEDULED,0.8509,2999/12/31 00:00:00,Solar,MOREE SOLAR FARM,Moree Asset Co Pty Ltd As The Trustee For Moree Asset Trust,Solar,2026_08
MOORAWF1,VIC1,MOORAWF,MOORAWF,GENERATOR,SEMI-SCHEDULED,0.9556,2999/12/31 00:00:00,Wind,Moorabool Wind Farm,Moorabool Wind Farm Interface Company Pty Ltd,Wind,2026_08
MOORABS1,VIC1,MOORAWF,MOORAWF,BIDIRECTIONAL,NON-SCHEDULED,0.9556,2999/12/31 00:00:00,Battery Storage,Moorabool Wind Farm,Moorabool Wind Farm Interface Company Pty Ltd,Battery,2026_08
MOLNGSF1,NSW1,MOLONGOP,MOLNGSF,GENERATOR,SEMI-SCHEDULED,0.9583,2999/12/31 00:00:00,Solar,Molong Solar Farm,Molong Operationsco Pty Ltd As The Trustee For Molong Operations Trust,Solar,2026_08
MOKOSF1,VIC1,MOKOANSF,MOKOANSF,GENERATOR,SEMI-SCHEDULED,0.9257,2999/12/31 00:00:00,Solar,Mokoan Solar Farm,EE Solar 6 Pty Ltd As Trustee For EE Solar 6 Trust,Solar,2026_08
MLWF1,VIC1,YESSA,MLWF,GENERATOR,NON-SCHEDULED,0.9949,2999/12/31 00:00:00,Wind,Mortons Lane Wind Farm,Y.E.S. Energy (SA) Pty Ltd,Wind,2026_08
MLSP1,NSW1,MUGGALSP,MLSP,GENERATOR,NON-SCHEDULED,0.9708,2999/12/31 00:00:00,Solar,Mugga Lane Solar Park,Mugga Lane Solar Park Pty Ltd,Solar,2026_08
MINTNL1,SA1,PEAKCO,MINTARO,GENERATOR,NON-SCHEDULED,0.9761,2999/12/31 00:00:00,Natural Gas (Pipeline),Mintaro Gas Turbine Station,Synergen Power Pty Limited,Gas,2026_08
MINTARO,SA1,PEAKCO,MINTARO,GENERATOR,SCHEDULED,0.9621,2999/12/31 00:00:00,Natural Gas (Pipeline),Mintaro Gas Turbine Station,Synergen Power Pty Limited,Gas,2026_08
MORTLK11,VIC1,BORAL,MORTLK,GENERATOR,SCHEDULED,0.9955,2999/12/31 00:00:00,Natural Gas (Pipeline),Mortlake Power Station,Origin Energy Electricity Limited,Gas,2026_08
JLB02,VIC1,ECOGEN,JEERB,GENERATOR,SCHEDULED,0.9823,2999/12/31 00:00:00,Natural Gas (Pipeline),"Jeeralang ""B"" Power Station",EnergyAustralia Ecogen Pty Ltd,Gas,2026_08
LUCASHGT,NSW1,LMSENE,LUCAS2S2,GENERATOR,NON-SCHEDULED,0.9983,2999/12/31 00:00:00,Landfill biogas methane,Lucas Heights 2 Power Station,LMS Energy Pty Ltd,Bioenergy,2026_08
LOYYB2,VIC1,EDISON,LOYYB,GENERATOR,SCHEDULED,0.9834,2999/12/31 00:00:00,Brown coal,LOY YANG B POWER STATION,Alinta Energy Retail Sales Pty Ltd,Brown Coal,2026_08
KIDSPHL1,QLD1,KIDSPHES,KIDSPHES,LOAD,SCHEDULED,1.0394,2999/12/31 00:00:00,,Kidston Hydro Project,EnergyAustralia Pty Ltd,,2026_08
KIDSPHG2,QLD1,KIDSPHES,KIDSPHES,GENERATOR,SCHEDULED,0.894,2999/12/31 00:00:00,Hydro,Kidston Hydro Project,EnergyAustralia Pty Ltd,Hydro,2026_08
KIDSPHG1,QLD1,KIDSPHES,KIDSPHES,GENERATOR,SCHEDULED,0.894,2999/12/31 00:00:00,Hydro,Kidston Hydro Project,EnergyAustralia Pty Ltd,Hydro,2026_08
KIATAWF1,VIC1,KIATAPRJ,KIATAWF,GENERATOR,SEMI-SCHEDULED,0.8954,2999/12/31 00:00:00,Wind,Kiata Wind Farm,Kiata ProjectCo Pty Ltd Atf Kiata Project Trust,Wind,2026_08
KIAMSF1,VIC1,KSFPROJT,KIAMSF,GENERATOR,SEMI-SCHEDULED,0.8738,2999/12/31 00:00:00,Solar,Kiamal Solar Farm,KSF Project Nominees Pty Ltd As The Trustee For KSF Project Trust,Solar,2026_08
KESSB1,VIC1,KOORBESS,KOORBESS,BIDIRECTIONAL,SCHEDULED,0.9794,2999/12/31 00:00:00,Battery Storage,Koorangie Energy Storage System,Shell Energy Retail Pty Ltd,Battery,2026_08
KERNGSP1,VIC1,KERANGSP,KERNGSP1,GENERATOR,SEMI-SCHEDULED,0.9311,2999/12/31 00:00:00,Solar,Kerang Solar Plant,KERANG SOLAR PLANT PTY LTD,Solar,2026_08
KEPBL1,QLD1,KENNEDYE,KEP,LOAD,NON-SCHEDULED,1,2999/12/31 00:00:00,,Kennedy Energy Park,Kennedy Energy Park Pty Ltd,,2026_08
KEEPIT,NSW1,GSPOWER,KEEPIT,GENERATOR,NON-SCHEDULED,0.9472,2999/12/31 00:00:00,Hydro,Keepit Hydro Power Station,GSP Energy Pty Ltd,Hydro,2026_08
KARSF1,VIC1,KARSF,KARSF,GENERATOR,SEMI-SCHEDULED,0.9051,2999/12/31 00:00:00,Solar,Karadoc Solar Farm,Iraak Sun Farm Pty Ltd,Solar,2026_08
KAREEYA5,QLD1,CLEANCO,KAREEYA,GENERATOR,NON-SCHEDULED,0.9604,2999/12/31 00:00:00,Hydro,KAREEYA POWER STATION,CleanCo Queensland Limited,Hydro,2026_08
KAREEYA4,QLD1,CLEANCO,KAREEYA,GENERATOR,SCHEDULED,0.9604,2999/12/31 00:00:00,Hydro,KAREEYA POWER STATION,CleanCo Queensland Limited,Hydro,2026_08
KAREEYA3,QLD1,CLEANCO,KAREEYA,GENERATOR,SCHEDULED,0.9604,2999/12/31 00:00:00,Hydro,KAREEYA POWER STATION,CleanCo Queensland Limited,Hydro,2026_08
KAREEYA2,QLD1,CLEANCO,KAREEYA,GENERATOR,SCHEDULED,0.9604,2999/12/31 00:00:00,Hydro,KAREEYA POWER STATION,CleanCo Queensland Limited,Hydro,2026_08
KAREEYA1,QLD1,CLEANCO,KAREEYA,GENERATOR,SCHEDULED,0.9604,2999/12/31 00:00:00,Hydro,KAREEYA POWER STATION,CleanCo Queensland Limited,Hydro,2026_08
KABANWF1,QLD1,CLEANCO,KABANWF,GENERATOR,SEMI-SCHEDULED,0.9442,2999/12/31 00:00:00,Wind,Kaban Wind Farm,CleanCo Queensland Limited,Wind,2026_08
JUNEESF1,NSW1,JUNEESF,JUNEESF,GENERATOR,SEMI-SCHEDULED,0.8865,2999/12/31 00:00:00,Solar,Junee Solar Farm,Junee Operationsco Pty Ltd Atf Junee Operations Trust,Solar,2026_08
JOUNAMA1,NSW1,SNOWY,JOUNAMA,GENERATOR,NON-SCHEDULED,0.9887,2999/12/31 00:00:00,Hydro,Jounama Small Hydro Power Station,Snowy Hydro Limited,Hydro,2026_08
JNDABNE1,NSW1,SNOWY,JNDSHPS,GENERATOR,NON-SCHEDULED,0.9912,2999/12/31 00:00:00,Hydro,Jindabyne Small Hydro Power Station,Snowy Hydro Limited,Hydro,2026_08
KIDSPHL2,QLD1,KIDSPHES,KIDSPHES,LOAD,SCHEDULED,1.0394,2999/12/31 00:00:00,,Kidston Hydro Project,EnergyAustralia Pty Ltd,,2026_08
KPP_1,QLD1,CSENERGY,KOGANCK,GENERATOR,SCHEDULED,0.9739,2999/12/31 00:00:00,Black coal,Kogan Creek Power Station,CS Energy Limited,Black Coal,2026_08
LADBROK1,SA1,BORAL,LADBROKE,GENERATOR,SCHEDULED,0.9898,2999/12/31 00:00:00,Natural Gas (Pipeline),Ladbroke Grove Power Station,Origin Energy Electricity Limited,Gas,2026_08
LADBROK2,SA1,BORAL,LADBROKE,GENERATOR,SCHEDULED,0.9898,2999/12/31 00:00:00,Natural Gas (Pipeline),Ladbroke Grove Power Station,Origin Energy Electricity Limited,Gas,2026_08
LOYYB1,VIC1,EDISON,LOYYB,GENERATOR,SCHEDULED,0.9834,2999/12/31 00:00:00,Brown coal,LOY YANG B POWER STATION,Alinta Energy Retail Sales Pty Ltd,Brown Coal,2026_08
LONSDALE,SA1,SNOWY,LONSDALE,GENERATOR,SCHEDULED,1.0033,2999/12/31 00:00:00,Diesel oil,Lonsdale Power Station,Snowy Hydro Limited,Diesel,2026_08
LNGS2,VIC1,SNOWY,LNGS,GENERATOR,SCHEDULED,0.9999,2999/12/31 00:00:00,Natural Gas (Pipeline),Laverton North Power Station,Snowy Hydro Limited,Gas,2026_08
LNGS1,VIC1,SNOWY,LNGS,GENERATOR,SCHEDULED,0.9999,2999/12/31 00:00:00,Natural Gas (Pipeline),Laverton North Power Station,Snowy Hydro Limited,Gas,2026_08
LK_ECHO,TAS1,HYDROTAS,LK_ECHO,GENERATOR,SCHEDULED,0.946,2999/12/31 00:00:00,Hydro,Lake Echo Power Station,Hydro-Electric Corporation,Hydro,2026_08
LKBONNY3,SA1,LKBWIND,LKBONNY3,GENERATOR,SEMI-SCHEDULED,0.9468,2999/12/31 00:00:00,Wind,Lake Bonney Stage 3 Wind Farm,Lake Bonney Wind Power Pty Ltd,Wind,2026_08
LKBONNY2,SA1,LKBWIND,LKBONNY_2,GENERATOR,SEMI-SCHEDULED,0.9468,2999/12/31 00:00:00,Wind,Lake Bonney Stage 2 Windfarm,Lake Bonney Wind Power Pty Ltd,Wind,2026_08
LKBONNY1,SA1,LKBWIND,LKBONNY1,GENERATOR,SEMI-SCHEDULED,0.9468,2999/12/31 00:00:00,Wind,Lake Bonney Wind Farm Stage 1,Lake Bonney Wind Power Pty Ltd,Wind,2026_08
LI_WY_CA,TAS1,HYDROTAS,LI_WY_CA,GENERATOR,SCHEDULED,1.0052,2999/12/31 00:00:00,Hydro,Catagunya / Liapootah / Wayatinah Power Station,Hydro-Electric Corporation,Hydro,2026_08
LUCAS2S2,NSW1,LMSENE,LUCAS2S2,GENERATOR,NON-SCHEDULED,0.9983,2999/12/31 00:00:00,Landfill biogas methane,Lucas Heights 2 Power Station,LMS Energy Pty Ltd,Bioenergy,2026_08
LIMOSF21,NSW1,LIMONSF,LIMOSF2,GENERATOR,SEMI-SCHEDULED,0.8268,2999/12/31 00:00:00,Solar,Limondale Solar Farm 2,Limondale Sun Farm Pty Ltd,Solar,2026_08
LIMBESS1,NSW1,LIMBESS,LIMBESS,BIDIRECTIONAL,SCHEDULED,0.8568,2999/12/31 00:00:00,Battery Storage,Limondale Battery,Limondale Battery Pty. Ltd.,Battery,2026_08
LILYSF1,QLD1,EEQLILY,LILYVASF,GENERATOR,SEMI-SCHEDULED,0.8824,2999/12/31 00:00:00,Solar,Lilyvale Solar Farm,Ergon Energy Queensland Pty Ltd,Solar,2026_08
LIDDNL1,NSW1,MACQGEN,LIDDELL,GENERATOR,NON-SCHEDULED,0.9637,2999/12/31 00:00:00,Black coal,Liddell Power Station,AGL Macquarie Pty Limited,Black Coal,2026_08
LGAPWF2,SA1,LINGAPWF,LGAPWF1,GENERATOR,SEMI-SCHEDULED,0.9661,2999/12/31 00:00:00,Wind,Lincoln Gap Wind Farm,Lincoln Gap Wind Farm (Operations) Pty Ltd,Wind,2026_08
LGAPWF1,SA1,LINGAPWF,LGAPWF1,GENERATOR,SEMI-SCHEDULED,0.9661,2999/12/31 00:00:00,Wind,Lincoln Gap Wind Farm,Lincoln Gap Wind Farm (Operations) Pty Ltd,Wind,2026_08
LGAPBS1,SA1,LINGAPWF,LGAPWF1,BIDIRECTIONAL,SCHEDULED,0.9661,2999/12/31 00:00:00,Battery Storage,Lincoln Gap Wind Farm,Lincoln Gap Wind Farm (Operations) Pty Ltd,Battery,2026_08
LEM_WIL,TAS1,HYDROTAS,LEM_WIL,GENERATOR,SCHEDULED,0.9863,2999/12/31 00:00:00,Hydro,Lemonthyme / Wilmot Power Station,Hydro-Electric Corporation,Hydro,2026_08
LBB1,SA1,LKBWFBES,LBBESS,BIDIRECTIONAL,SCHEDULED,1.0056,2999/12/31 00:00:00,Battery Storage,Lake Bonney BESS1,Lake Bonney Wind Power Pty Ltd,Battery,2026_08
LANCSF1,VIC1,LANCASF,LANCASF1,GENERATOR,SEMI-SCHEDULED,0.921,2999/12/31 00:00:00,Solar,Lancaster Solar Farm,Lancaster Solar Farm Pty Ltd As Trustee For Lancaster Solar Farm Trust,Solar,2026_08
LIMOSF11,NSW1,LIMONSF,LIMOSF1,GENERATOR,SEMI-SCHEDULED,0.8206,2999/12/31 00:00:00,Solar,Limondale Solar Farm 1,Limondale Sun Farm Pty Ltd,Solar,2026_08
DUNDWF3,VIC1,DUNDWF,DUNDWF,GENERATOR,SEMI-SCHEDULED,0.9827,2999/12/31 00:00:00,Wind,Dundonnell Wind Farm,Dundonnell Wind Farm Pty Ltd,Wind,2026_08
DUNDWF2,VIC1,DUNDWF,DUNDWF,GENERATOR,SEMI-SCHEDULED,0.9827,2999/12/31 00:00:00,Wind,Dundonnell Wind Farm,Dundonnell Wind Farm Pty Ltd,Wind,2026_08
DUNDWF1,VIC1,DUNDWF,DUNDWF,GENERATOR,SEMI-SCHEDULED,0.9827,2999/12/31 00:00:00,Wind,Dundonnell Wind Farm,Dundonnell Wind Farm Pty Ltd,Wind,2026_08
BRNDBES1,QLD1,BRNDBESS,BRNDBES,BIDIRECTIONAL,SCHEDULED,1.0027,2999/12/31 00:00:00,Battery Storage,Brendale BESS,Brendale Battery ProjectCo Pty Ltd,Battery,2026_08
BRDDSF01,QLD1,BBPEM,BSOUNDSF,GENERATOR,SEMI-SCHEDULED,0.9247,2999/12/31 00:00:00,Solar,Broadsound Energy Park,Iberdrola Australia Energy Markets Pty Limited,Solar,2026_08
BRAEMAR7,QLD1,B2PS,B2PS,GENERATOR,SCHEDULED,0.9709,2999/12/31 00:00:00,Coal seam methane,BRAEMAR 2 POWER STATION,Arrow Southern Generation Pty Ltd And Arrow Braemar 2 Pty Ltd,Gas,2026_08
BRAEMAR6,QLD1,B2PS,B2PS,GENERATOR,SCHEDULED,0.9709,2999/12/31 00:00:00,Coal seam methane,BRAEMAR 2 POWER STATION,Arrow Southern Generation Pty Ltd And Arrow Braemar 2 Pty Ltd,Gas,2026_08
BRAEMAR5,QLD1,B2PS,B2PS,GENERATOR,SCHEDULED,0.9709,2999/12/31 00:00:00,Coal seam methane,BRAEMAR 2 POWER STATION,Arrow Southern Generation Pty Ltd And Arrow Braemar 2 Pty Ltd,Gas,2026_08
BRAEMAR3,QLD1,NEWGEN,BRAEMARA,GENERATOR,SCHEDULED,0.9709,2999/12/31 00:00:00,Coal seam methane,Braemar Power Station,Braemar Power Project Pty Ltd,Gas,2026_08
BRAEMAR2,QLD1,NEWGEN,BRAEMARA,GENERATOR,SCHEDULED,0.9709,2999/12/31 00:00:00,Coal seam methane,Braemar Power Station,Braemar Power Project Pty Ltd,Gas,2026_08
BRAEMAR1,QLD1,NEWGEN,BRAEMARA,GENERATOR,SCHEDULED,0.9709,2999/12/31 00:00:00,Coal seam methane,Braemar Power Station,Braemar Power Project Pty Ltd,Gas,2026_08
BPLANDF1,QLD1,EDLLFGQ,BPLANDF,GENERATOR,NON-SCHEDULED,1.0127,2999/12/31 00:00:00,Landfill biogas methane,Browns Plains Landfill Gas PS,EDL LFG (Qld) Pty Ltd,Bioenergy,2026_08
BOMENSF1,NSW1,BOMENSF,BOMENSF,GENERATOR,SEMI-SCHEDULED,0.8823,2999/12/31 00:00:00,Solar,Bomen Solar Farm,Bomen Solar Farm Pty Ltd As Trustee For Bomen SF Trust,Solar,2026_08
BOLIVPS1,SA1,BBPEM,BOLIVPS,GENERATOR,SCHEDULED,1.0019,2999/12/31 00:00:00,Natural Gas (Pipeline),Bolivar Power Station,Iberdrola Australia Energy Markets Pty Limited,Gas,2026_08
BODWF1,NSW1,BODWF1,BODWF,GENERATOR,SEMI-SCHEDULED,0.9545,2999/12/31 00:00:00,Wind,Bodangora Wind Farm,Bodangora Wind Farm Pty Limited,Wind,2026_08
BOCORWF1,NSW1,BOCOROCK,BOCOROCK,GENERATOR,SEMI-SCHEDULED,0.9638,2999/12/31 00:00:00,Wind,Boco Rock Wind Farm,Boco Rock Wind Farm Pty Ltd,Wind,2026_08
BNGSF2,SA1,BUNGALA2,BNGSF2,GENERATOR,SEMI-SCHEDULED,0.9703,2999/12/31 00:00:00,Solar,Bungala Two Solar Farm,Bungala Two Operations Pty Ltd As Trustee For The Bungala Two Operations Trust,Solar,2026_08
BNGSF1,SA1,BUNGALA1,BNGSF1,GENERATOR,SEMI-SCHEDULED,0.9703,2999/12/31 00:00:00,Solar,Bungala One Solar Farm,Bungala One Operations Pty Ltd As Trustee For The Bungala One Operations Trust,Solar,2026_08
BLYTHB1,SA1,BLYTHBAT,BLYTHB,BIDIRECTIONAL,SCHEDULED,1.0047,2999/12/31 00:00:00,Battery Storage,Blyth Battery Energy Storage System,Blyth Battery Pty Ltd As The Trustee For Blyth Battery Trust,Battery,2026_08
BLUFF1,SA1,TIPSCO,BLUFF,GENERATOR,SEMI-SCHEDULED,0.9572,2999/12/31 00:00:00,Wind,The Bluff Wind Farm,AGL SA Generation Pty Limited,Wind,2026_08
BLUEGSF1,QLD1,XELIO,BLUEGSF,GENERATOR,SEMI-SCHEDULED,0.9459,2999/12/31 00:00:00,Solar,Blue Grass Solar Farm,X-ELIO Blue Grass Pty Ltd,Solar,2026_08
BLOWERNG,NSW1,SNOWY,SNOWY6,GENERATOR,SCHEDULED,0.9396,2999/12/31 00:00:00,Hydro,Blowering Power Station,Snowy Hydro Limited,Hydro,2026_08
BROKENH1,NSW1,TLTSFS,BROKENH,GENERATOR,SEMI-SCHEDULED,0.8436,2999/12/31 00:00:00,Solar,Broken Hill Solar Plant,PARF Company 6 Pty Ltd As The Trustee For Project Trust,Solar,2026_08
BROWNMT,NSW1,GREENSP,BROWNMT,GENERATOR,NON-SCHEDULED,0.9912,2999/12/31 00:00:00,Hydro,Brown Mountain Hydro Power Station,Hydro Power Pty Limited,Hydro,2026_08
BRYB1WF1,VIC1,BERYBKWF,BRYB1WF,GENERATOR,SEMI-SCHEDULED,0.9436,2999/12/31 00:00:00,Wind,Berrybank 1 Wind Farm,Berrybank Development Pty Ltd,Wind,2026_08
BRYB2WF2,VIC1,BERBANKW,BRYB2WF,GENERATOR,SEMI-SCHEDULED,0.9436,2999/12/31 00:00:00,Wind,Berrybank 2 Wind Farm,Berrybank 2 Asset Pty Ltd As The Trustee For Berrybank 2 Asset Trust,Wind,2026_08
CBWWDG1,SA1,SAWCML,CBWW,GENERATOR,NON-SCHEDULED,1.0033,2999/12/31 00:00:00,Diesel oil,Christies Beach WWTP,South Australian Water Corporation,Diesel,2026_08
CBWWBG1,SA1,SAWCML,CBWW,GENERATOR,NON-SCHEDULED,1.0033,2999/12/31 00:00:00,Other Biofuels,Christies Beach WWTP,South Australian Water Corporation,Bioenergy,2026_08
CBWWBA1,SA1,SAWCML,CBWW,BIDIRECTIONAL,SCHEDULED,1.0033,2999/12/31 00:00:00,Battery Storage,Christies Beach WWTP,South Australian Water Corporation,Battery,2026_08
CBWF1,VIC1,CBWF,CBWF,GENERATOR,NON-SCHEDULED,1.0031,2999/12/31 00:00:00,Wind,Coonoer Bridge Wind Farm,Coonooer Bridge Wind Farm Pty Ltd,Wind,2026_08
CATHROCK,SA1,CATHROCK,CATHROCK,GENERATOR,SEMI-SCHEDULED,0.9417,2999/12/31 00:00:00,Wind,CATHEDRAL ROCKS,Cathedral Rocks Wind Farm Pty Ltd,Wind,2026_08
CAPTL_WF,NSW1,BBPEM,CAPTL_WF,GENERATOR,NON-SCHEDULED,0.9694,2999/12/31 00:00:00,Wind,Capital Wind Farm,Iberdrola Australia Energy Markets Pty Limited,Wind,2026_08
CAPBES1,NSW1,CAPBESS,CBESS,BIDIRECTIONAL,SCHEDULED,1.0263,2999/12/31 00:00:00,Battery Storage,Capital Battery,Capital Battery Pty Ltd As Trustee For Capital Battery Trust,Battery,2026_08
CALL_B_2,QLD1,CSENERGY,CALLIDE,GENERATOR,SCHEDULED,0.9117,2999/12/31 00:00:00,Black coal,Callide Power Station,CS Energy Limited,Black Coal,2026_08
CALL_B_1,QLD1,CSENERGY,CALLIDE,GENERATOR,SCHEDULED,0.9117,2999/12/31 00:00:00,Black coal,Callide Power Station,CS Energy Limited,Black Coal,2026_08
BHB1,NSW1,MACQGEN,BHBESS,BIDIRECTIONAL,SCHEDULED,0.892,2999/12/31 00:00:00,Battery Storage,Broken Hill Battery Energy Storage System,AGL Macquarie Pty Limited,Battery,2026_08
CALLNL1,QLD1,CSENERGY,CALLIDE,GENERATOR,NON-SCHEDULED,0.9158,2999/12/31 00:00:00,Black coal,Callide Power Station,CS Energy Limited,Black Coal,2026_08
BW03,NSW1,MACQGEN,BAYSW,GENERATOR,SCHEDULED,0.9619,2999/12/31 00:00:00,Black coal,Bayswater Power Station,AGL Macquarie Pty Limited,Black Coal,2026_08
BW02,NSW1,MACQGEN,BAYSW,GENERATOR,SCHEDULED,0.9623,2999/12/31 00:00:00,Black coal,Bayswater Power Station,AGL Macquarie Pty Limited,Black Coal,2026_08
BW01,NSW1,MACQGEN,BAYSW,GENERATOR,SCHEDULED,0.9623,2999/12/31 00:00:00,Black coal,Bayswater Power Station,AGL Macquarie Pty Limited,Black Coal,2026_08
BUTLERSG,TAS1,HYDROTAS,BUTLERSG,GENERATOR,NON-SCHEDULED,0.9475,2999/12/31 00:00:00,Hydro,Butlers Gorge Power Station,Hydro-Electric Corporation,Hydro,2026_08
BUSF1,QLD1,BUSF,BUSF,GENERATOR,SEMI-SCHEDULED,0.9323,2999/12/31 00:00:00,Solar,Bundaberg Solar Farm,Bundaberg Solar Development Pty Ltd,Solar,2026_08
BURRIN,NSW1,GSPOWER,BURRIN,GENERATOR,NON-SCHEDULED,0.9615,2999/12/31 00:00:00,Hydro,Burrinjuck Hydro Power Station,GSP Energy Pty Ltd,Hydro,2026_08
BUNGAMB1,SA1,BUNGBESS,BUNGAMB1,BIDIRECTIONAL,SCHEDULED,0.9994,2999/12/31 00:00:00,Battery Storage,Bungama Battery Energy Storage System,Bungama Project (Solar) Operations Pty Ltd ATF Bungama Project (Solar) Operation,Battery,2026_08
BULGANA1,VIC1,BULGANA,BULGANA,GENERATOR,SEMI-SCHEDULED,0.8868,2999/12/31 00:00:00,Wind,Bulgana Green Power Hub,Bulgana Wind Farm Pty Ltd,Wind,2026_08
BULBES1,VIC1,BULGANA,BULGANA,BIDIRECTIONAL,SCHEDULED,0.8868,2999/12/31 00:00:00,Battery Storage,Bulgana Green Power Hub,Bulgana Wind Farm Pty Ltd,Battery,2026_08
BW04,NSW1,MACQGEN,BAYSW,GENERATOR,SCHEDULED,0.9619,2999/12/31 00:00:00,Black coal,Bayswater Power Station,AGL Macquarie Pty Limited,Black Coal,2026_08
CBWWDG2,SA1,SAWCML,CBWW,GENERATOR,NON-SCHEDULED,1.0033,2999/12/31 00:00:00,Diesel oil,Christies Beach WWTP,South Australian Water Corporation,Diesel,2026_08
BERYLSF1,NSW1,FSNSW,BERYLSF,GENERATOR,SEMI-SCHEDULED,0.9245,2999/12/31 00:00:00,Solar,Beryl Solar Farm,FS NSW Project No 1 At Pty Ltd ATF The FS NSW Project No 1 Asset Trust,Solar,2026_08
BDL02,VIC1,ALNTARES,DEIBDL,GENERATOR,SCHEDULED,0.9893,2999/12/31 00:00:00,Natural Gas (Pipeline),Bairnsdale Power Station,Alinta Energy Retail Sales Pty Ltd,Gas,2026_08
ASRMGE01,SA1,YESSA,ASRMGE01,LOAD,NON-SCHEDULED,1,2999/12/31 00:00:00,,ASRMGE01,Y.E.S. Energy (SA) Pty Ltd,,2026_08
ASQENC1,QLD1,ENOCMASP,ENOCQLD,LOAD,NON-SCHEDULED,1,2999/12/31 00:00:00,,ENOC MASP QLD,Enel X Australia Pty Ltd,,2026_08
ASQEEV1,QLD1,EEQ,ASQEEV1,LOAD,NON-SCHEDULED,1,2999/12/31 00:00:00,,AS BOHLE BESS Q VL1,Ergon Energy Queensland Pty Ltd,,2026_08
ASPSTV01,VIC1,POWRSSGA,ASPSTV01,LOAD,NON-SCHEDULED,1,2999/12/31 00:00:00,,AS POWERSYNC V VL 1,PowerSync Pty Ltd,,2026_08
ASPBSC01,VIC1,PBLUESGA,ASPBSC01,LOAD,NON-SCHEDULED,1,2999/12/31 00:00:00,,PB Community SGA,Pacific Blue Smart Communities Pty Ltd,,2026_08
ASPAPM01,SA1,PAPMICRO,ASPAPM01,LOAD,NON-SCHEDULED,1,2999/12/31 00:00:00,,AS PAPOWERMG S 1,PA Power Microgrid 1 Pty Ltd,,2026_08
ASNENC1,NSW1,ENOCMASP,ENOCNSW,LOAD,NON-SCHEDULED,1,2999/12/31 00:00:00,,ENOC MSAP NSW,Enel X Australia Pty Ltd,,2026_08
ASNBRL1,NSW1,BORALCMT,ASNBRL,LOAD,NON-SCHEDULED,1,2999/12/31 00:00:00,,Boral Aggregated Load NSW1,Boral Cement Limited,,2026_08
ASNAES1,NSW1,AMALMASP,ASNAES,LOAD,NON-SCHEDULED,1,2999/12/31 00:00:00,,AS AES NSW,Amalgamated Energy Services Pty Ltd,,2026_08
ASGENE01,NSW1,GROUPNRG,ASGENE01,LOAD,NON-SCHEDULED,1,2999/12/31 00:00:00,,ASGENE01,Group Energy Pty Ltd,,2026_08
ASENGY01,NSW1,ENGYAVIC,ASENGY01,LOAD,NON-SCHEDULED,1,2999/12/31 00:00:00,,AS ENGIE N VL1,ENGIE,,2026_08
ASENGV01,VIC1,ENGYAVIC,ASENGV01,LOAD,NON-SCHEDULED,1,2999/12/31 00:00:00,,AS ENGIE V VL1,ENGIE,,2026_08
ASDLBY01,QLD1,DALBYSGA,ASDLBY01,LOAD,NON-SCHEDULED,1,2999/12/31 00:00:00,,DALBYSGA,Dalby Asset Co Pty Ltd As Trustee For The Dalby Asset Trust,,2026_08
ASACLE01,VIC1,ACLESGA,ASACLE01,LOAD,NON-SCHEDULED,1,2999/12/31 00:00:00,,AS ACLESGA V VL1,ACLE Services Pty Ltd,,2026_08
ARWF1,VIC1,ARARATWF,ARWF,GENERATOR,SEMI-SCHEDULED,0.898,2999/12/31 00:00:00,Wind,Ararat Wind Farm,Ararat Wind Farm Pty Ltd,Wind,2026_08
APD01,VIC1,ALCOAPA,PORTLAND,LOAD,NON-SCHEDULED,0.9962,2999/12/31 00:00:00,,PORTLAND,Alcoa Portland Aluminium Pty Ltd,,2026_08
ANGAST1,SA1,SNOWY,ANGASTON,GENERATOR,SCHEDULED,1.0062,2999/12/31 00:00:00,Diesel oil,ANGASTON POWER STATION,Snowy Hydro Limited,Diesel,2026_08
ALDGASF1,QLD1,ALDOGASF,ALDGASF,GENERATOR,SEMI-SCHEDULED,0.8948,2999/12/31 00:00:00,Solar,Aldoga Solar Farm,Aldoga Solar Farm Pty Ltd,Solar,2026_08
AGLSOM,VIC1,SOUTHHYD,AGLSOM,GENERATOR,SCHEDULED,0.9968,2999/12/31 00:00:00,Natural Gas (Pipeline),Somerton Power Station,AGL Hydro Partnership,Gas,2026_08
ASRMGE02,SA1,YESSA,ASRMGE02,LOAD,NON-SCHEDULED,1,2999/12/31 00:00:00,,ASRMGE02,Y.E.S. Energy (SA) Pty Ltd,,2026_08
ASRMGE03,SA1,YESSA,ASRMGE03,LOAD,NON-SCHEDULED,1,2999/12/31 00:00:00,,ASRMGE03,Y.E.S. Energy (SA) Pty Ltd,,2026_08
ASRMGE04,SA1,YESSA,ASRMGE04,LOAD,NON-SCHEDULED,1,2999/12/31 00:00:00,,ASRMGE04,Y.E.S. Energy (SA) Pty Ltd,,2026_08
ASRMGE05,NSW1,YESSA,ASRMGE05,LOAD,NON-SCHEDULED,1,2999/12/31 00:00:00,,ASRMGE05,Y.E.S. Energy (SA) Pty Ltd,,2026_08
BDL01,VIC1,ALNTARES,DEIBDL,GENERATOR,SCHEDULED,0.9893,2999/12/31 00:00:00,Natural Gas (Pipeline),Bairnsdale Power Station,Alinta Energy Retail Sales Pty Ltd,Gas,2026_08
BBTHREE3,TAS1,HYDROTAS,BBP31,GENERATOR,SCHEDULED,0.9977,2999/12/31 00:00:00,Natural Gas (Pipeline),Bell Bay Three Power Station,Hydro-Electric Corporation,Gas,2026_08
BBTHREE2,TAS1,HYDROTAS,BBP31,GENERATOR,SCHEDULED,0.9977,2999/12/31 00:00:00,Natural Gas (Pipeline),Bell Bay Three Power Station,Hydro-Electric Corporation,Gas,2026_08
BBTHREE1,TAS1,HYDROTAS,BBP31,GENERATOR,SCHEDULED,0.9977,2999/12/31 00:00:00,Natural Gas (Pipeline),Bell Bay Three Power Station,Hydro-Electric Corporation,Gas,2026_08
BBATTERY1,QLD1,BOULBESS,BBATTERY,BIDIRECTIONAL,SCHEDULED,0.9008,2999/12/31 00:00:00,Battery Storage,Bouldercombe Battery Project,Bouldercombe Battery Project Co Pty Ltd ATF Bouldercombe Battery Project,Battery,2026_08
BASTYAN,TAS1,HYDROTAS,BASTYAN,GENERATOR,SCHEDULED,0.9623,2999/12/31 00:00:00,Hydro,Bastyan Power Station,Hydro-Electric Corporation,Hydro,2026_08
BARRON-2,QLD1,CLEANCO,BARRON,GENERATOR,SCHEDULED,0.9486,2999/12/31 00:00:00,Hydro,Barron Gorge Power Station,CleanCo Queensland Limited,Hydro,2026_08
BARRON-1,QLD1,CLEANCO,BARRON,GENERATOR,SCHEDULED,0.9486,2999/12/31 00:00:00,Hydro,Barron Gorge Power Station,CleanCo Queensland Limited,Hydro,2026_08
BARKIPS1,SA1,TIPSCO,BARKIPS,GENERATOR,SCHEDULED,1,2999/12/31 00:00:00,Natural Gas (Pipeline),Barker Inlet Power Station,AGL SA Generation Pty Limited,Gas,2026_08
BDONGHYD,NSW1,SOUTHHYD,BDONGHYD,GENERATOR,NON-SCHEDULED,0.9699,2999/12/31 00:00:00,Hydro,Burrendong Hydro Power Station,AGL Hydro Partnership,Hydro,2026_08
BAPS,VIC1,SOUTHHYD,BAPS,GENERATOR,NON-SCHEDULED,0.9599,2999/12/31 00:00:00,Hydro,Banimboola Power Station,AGL Hydro Partnership,Hydro,2026_08
BANGOWF2,NSW1,BANGOWF2,BANGOWF2,GENERATOR,SEMI-SCHEDULED,0.9391,2999/12/31 00:00:00,Wind,Bango 999 Wind Farm,BWF Nominees Pty Ltd As The Trustee For BWF Trust,Wind,2026_08
BANGOWF1,NSW1,BWFTRUST,BANGOWF,GENERATOR,SEMI-SCHEDULED,0.9254,2999/12/31 00:00:00,Wind,Bango 973 Wind Farm,BWF Nominees Pty Ltd As The Trustee For BWF Trust,Wind,2026_08
BALDHWF1,VIC1,ALNTBHWF,BHWF,GENERATOR,SEMI-SCHEDULED,0.992,2999/12/31 00:00:00,Wind,Bald Hills Wind Farm,Alinta Energy Retail Sales Pty Ltd,Wind,2026_08
BALB1,VIC1,BALBESS,BALBESS,BIDIRECTIONAL,SCHEDULED,0.9761,2999/12/31 00:00:00,Battery Storage,Ballarat Battery Energy Storage System,EnergyAustralia Pty Ltd,Battery,2026_08
AVLSF1,NSW1,BBPEM,AVLSF,GENERATOR,SEMI-SCHEDULED,0.8395,2999/12/31 00:00:00,Solar,Avonlie Solar Farm,Iberdrola Australia Energy Markets Pty Limited,Solar,2026_08
ASTHYD1,TAS1,HYDROTAS,ASTHYD1,LOAD,NON-SCHEDULED,1,2999/12/31 00:00:00,,HydroTas MASP TAS,Hydro-Electric Corporation,,2026_08
ASSERDV1,VIC1,SERDR,ASSERDV1,LOAD,NON-SCHEDULED,1,2999/12/31 00:00:00,,Shell Energy Retail DR VIC 1,Shell Energy Retail Pty Ltd,,2026_08
ASSENC1,SA1,ENOCMASP,ENOCSA,LOAD,NON-SCHEDULED,1,2999/12/31 00:00:00,,ENOC MASP SA,Enel X Australia Pty Ltd,,2026_08
ASSDE1,SA1,DISCOVER,ASSDE,LOAD,NON-SCHEDULED,1,2999/12/31 00:00:00,,DiscoverEnergy VPPSA,Discover Energy Pty Ltd,,2026_08
BANN1,VIC1,ALNTARES,BANNSP,GENERATOR,SEMI-SCHEDULED,0.9092,2999/12/31 00:00:00,Solar,Bannerton Solar Park,Alinta Energy Retail Sales Pty Ltd,Solar,2026_08
CBWWPV1,SA1,SAWCML,CBWW,GENERATOR,NON-SCHEDULED,1.0033,2999/12/31 00:00:00,Solar,Christies Beach WWTP,South Australian Water Corporation,Solar,2026_08
CBWWPV2,SA1,SAWCML,CBWW,GENERATOR,NON-SCHEDULED,1.0033,2999/12/31 00:00:00,Solar,Christies Beach WWTP,South Australian Water Corporation,Solar,2026_08
CESF1,NSW1,INFIGENH,CESF,GENERATOR,NON-SCHEDULED,1.0026,2999/12/31 00:00:00,Solar,Capital East Solar Farm,Iberdrola Australia Holdings Pty Limited,Solar,2026_08
DRVIOT05,TAS1,VIOTAS,DRVIOT05,LOAD,NON-SCHEDULED,1,2999/12/31 00:00:00,,DR VIOTAS T SL1,VIOTAS Australia Pty Ltd,,2026_08
DRVIOT04,QLD1,VIOTAS,DRVIOT04,LOAD,NON-SCHEDULED,1,2999/12/31 00:00:00,,DR VIOTAS Q SL1,VIOTAS Australia Pty Ltd,,2026_08
DRVIOT03,NSW1,VIOTAS,DRVIOT03,LOAD,NON-SCHEDULED,1,2999/12/31 00:00:00,,DR VIOTAS N SL1,VIOTAS Australia Pty Ltd,,2026_08
DRVIOT02,VIC1,VIOTAS,DRVIOT02,LOAD,NON-SCHEDULED,1,2999/12/31 00:00:00,,DR VIOTAS V SL1,VIOTAS Australia Pty Ltd,,2026_08
DRVIOT01,SA1,VIOTAS,DRVIOT01,LOAD,NON-SCHEDULED,1,2999/12/31 00:00:00,,DR VIOTAS S SL1,VIOTAS Australia Pty Ltd,,2026_08
DRPSTV01,VIC1,PWRSYNC,DRPSTV01,LOAD,NON-SCHEDULED,1,2999/12/31 00:00:00,,DR POWERSYNC V 1,PowerSync Pty Ltd,,2026_08
DRPSTQ01,QLD1,PWRSYNC,DRPSTQ01,LOAD,NON-SCHEDULED,1,2999/12/31 00:00:00,,DR POWERSYNC Q 1,PowerSync Pty Ltd,,2026_08
DROZVP03,QLD1,IEQLD,DROZVP03,LOAD,NON-SCHEDULED,1,2999/12/31 00:00:00,,DR OZVPPQ S 1,Origin Energy Electricity Limited,,2026_08
DROZVP02,SA1,IEQLD,DROZVP02,LOAD,NON-SCHEDULED,1,2999/12/31 00:00:00,,DROZVP02,Origin Energy Electricity Limited,,2026_08
DROZVP01,VIC1,IEQLD,DROZVP01,LOAD,NON-SCHEDULED,1,2999/12/31 00:00:00,,DROZVP01,Origin Energy Electricity Limited,,2026_08
DRHTVP03,SA1,HYDROTAS,DRHTVP03,LOAD,NON-SCHEDULED,1,2999/12/31 00:00:00,,DRHTVP03,Hydro-Electric Corporation,,2026_08
DRHTVP01,NSW1,HYDROTAS,DRHTVP01,LOAD,NON-SCHEDULED,1,2999/12/31 00:00:00,,DR HYDROTASVPP N 1,Hydro-Electric Corporation,,2026_08
DRGBND04,NSW1,GRIDBYND,DRGBND04,LOAD,NON-SCHEDULED,1,2999/12/31 00:00:00,,DRGBND04,GridBeyond Pty Ltd,,2026_08
DRGBND03,VIC1,GRIDBYND,DRGBND03,LOAD,NON-SCHEDULED,1,2999/12/31 00:00:00,,DRGND03,GridBeyond Pty Ltd,,2026_08
DRGBND02,SA1,GRIDBYND,DRGBND02,LOAD,NON-SCHEDULED,1,2999/12/31 00:00:00,,DRGBND02,GridBeyond Pty Ltd,,2026_08
DRGBND01,VIC1,GRIDBYND,DRGBND01,LOAD,NON-SCHEDULED,1,2999/12/31 00:00:00,,DRGBND01,GridBeyond Pty Ltd,,2026_08
DRFIIN02,TAS1,FIRMINFR,DRFIIN02,LOAD,NON-SCHEDULED,1,2999/12/31 00:00:00,,DR FIRM INTRA T 2,Firmus Infrastructure Pty Ltd,,2026_08
DRFIIN01,TAS1,FIRMINFR,DRFIIN01,LOAD,NON-SCHEDULED,1,2999/12/31 00:00:00,,DR FIRM INFRA T 1,Firmus Infrastructure Pty Ltd,,2026_08
DRBRLV01,VIC1,BORALCMT,DRBRLV01,LOAD,NON-SCHEDULED,1,2999/12/31 00:00:00,,DR BORAL V SL1,Boral Cement Limited,,2026_08
DRVIOT06,SA1,VIOTAS,DRVIOT06,LOAD,SCHEDULED,1.0007,2999/12/31 00:00:00,,DR VIOTASWDR S 1,VIOTAS Australia Pty Ltd,,2026_08
DRVIOT07,NSW1,VIOTAS,DRVIOT07,LOAD,SCHEDULED,0.9743,2999/12/31 00:00:00,,DR VIOTASWDR N 1,VIOTAS Australia Pty Ltd,,2026_08
DRXNAD01,NSW1,ENOCMASP,DRXNAD01,LOAD,SCHEDULED,1,2999/12/31 00:00:00,,DR ENELX N16,Enel X Australia Pty Ltd,,2026_08
DRXNDA01,NSW1,ENOCMASP,DRXNDA01,LOAD,SCHEDULED,1.0035,2999/12/31 00:00:00,,DR ENELX N1,Enel X Australia Pty Ltd,,2026_08
DRYCNL,SA1,PEAKCO,DRYCGT,GENERATOR,NON-SCHEDULED,1.0012,2999/12/31 00:00:00,Natural Gas (Pipeline),Dry Creek Gas Turbine Station,Synergen Power Pty Limited,Gas,2026_08
DRYCGT3,SA1,PEAKCO,DRYCGT,GENERATOR,SCHEDULED,0.9985,2999/12/31 00:00:00,Natural Gas (Pipeline),Dry Creek Gas Turbine Station,Synergen Power Pty Limited,Gas,2026_08
DRYCGT2,SA1,PEAKCO,DRYCGT,GENERATOR,SCHEDULED,0.9985,2999/12/31 00:00:00,Natural Gas (Pipeline),Dry Creek Gas Turbine Station,Synergen Power Pty Limited,Gas,2026_08
DRYCGT1,SA1,PEAKCO,DRYCGT,GENERATOR,SCHEDULED,0.9985,2999/12/31 00:00:00,Natural Gas (Pipeline),Dry Creek Gas Turbine Station,Synergen Power Pty Limited,Gas,2026_08
DRXVQX02,VIC1,ENOCMASP,DRXVQX02,LOAD,SCHEDULED,1,2999/12/31 00:00:00,,DR ENELX V240,Enel X Australia Pty Ltd,,2026_08
DRXVQX01,VIC1,ENOCMASP,DRXVQX01,LOAD,SCHEDULED,1,2999/12/31 00:00:00,,DR ENELX V24,Enel X Australia Pty Ltd,,2026_08
DRXVQP01,VIC1,ENOCMASP,DRXVQP01,LOAD,SCHEDULED,1.0097,2999/12/31 00:00:00,,DR ENELX V2,Enel X Australia Pty Ltd,,2026_08
DRXVDX01,VIC1,ENOCMASP,DRXVDX01,LOAD,SCHEDULED,1,2999/12/31 00:00:00,,DR ENELX V12,Enel X Australia Pty Ltd,,2026_08
DRXVDP01,VIC1,ENOCMASP,DRXVDP01,LOAD,SCHEDULED,1,2999/12/31 00:00:00,,DR ENELX V17,Enel X Australia Pty Ltd,,2026_08
DRAESS1,SA1,AGLES,DRAESS1,LOAD,NON-SCHEDULED,1,2999/12/31 00:00:00,,DRAESS1,AGL Energy Services Pty Limited,,2026_08
DRXVDJ01,VIC1,ENOCMASP,DRXVDJ01,LOAD,SCHEDULED,1.0021,2999/12/31 00:00:00,,DR ENELX V1,Enel X Australia Pty Ltd,,2026_08
DRXNVS01,NSW1,ENOCMASP,DRXNVS01,LOAD,SCHEDULED,1.0017,2999/12/31 00:00:00,,DR ENELX N49,Enel X Australia Pty Ltd,,2026_08
DRXNTM02,NSW1,ENOCMASP,DRXNTM02,LOAD,SCHEDULED,1,2999/12/31 00:00:00,,DR ENELX N55,Enel X Australia Pty Ltd,,2026_08
DRXNDW01,NSW1,ENOCMASP,DRXNDW01,LOAD,SCHEDULED,1,2999/12/31 00:00:00,,DR ENELX N42,Enel X Australia Pty Ltd,,2026_08
DRXNDJ01,NSW1,ENOCMASP,DRXNDJ01,LOAD,SCHEDULED,1,2999/12/31 00:00:00,,DR ENELX N54,Enel X Australia Pty Ltd,,2026_08
DRXNDE01,NSW1,ENOCMASP,DRXNDE01,LOAD,SCHEDULED,1,2999/12/31 00:00:00,,DR ENELX N3,Enel X Australia Pty Ltd,,2026_08
DRXNDB04,NSW1,ENOCMASP,DRXNDB04,LOAD,SCHEDULED,1,2999/12/31 00:00:00,,DR ENELX N44,Enel X Australia Pty Ltd,,2026_08
DRXNDA04,NSW1,ENOCMASP,DRXNDA04,LOAD,SCHEDULED,1.0021,2999/12/31 00:00:00,,DR ENELX N34,Enel X Australia Pty Ltd,,2026_08
DRXNDA03,NSW1,ENOCMASP,DRXNDA03,LOAD,SCHEDULED,1.0021,2999/12/31 00:00:00,,DR ENELX N32,Enel X Australia Pty Ltd,,2026_08
DRXNDA02,NSW1,ENOCMASP,DRXNDA02,LOAD,SCHEDULED,1.0021,2999/12/31 00:00:00,,DR ENELX N31,Enel X Australia Pty Ltd,,2026_08
DRXQDA01,QLD1,ENOCMASP,DRXQDA01,LOAD,SCHEDULED,1,2999/12/31 00:00:00,,DR ENELX Q50,Enel X Australia Pty Ltd,,2026_08
DRAESN3,NSW1,AGLES,DRAESN3,LOAD,NON-SCHEDULED,1,2999/12/31 00:00:00,,DRAESN3,AGL Energy Services Pty Limited,,2026_08
DRACAV1,VIC1,ACACIRET,DRACAV1,LOAD,NON-SCHEDULED,1,2999/12/31 00:00:00,,DR ACACIA V 1,Acacia Energy Pty Ltd,,2026_08
DRACAN1,NSW1,ACACIRET,DRACAN1,LOAD,NON-SCHEDULED,1,2999/12/31 00:00:00,,DR ACACIA N SL1,Acacia Energy Pty Ltd,,2026_08
CPP_3,QLD1,CAPTPL,CALLIDEC,GENERATOR,SCHEDULED,0.9122,2999/12/31 00:00:00,Black coal,CALLIDE C NETT OFF,Callide Power Trading Pty Limited,Black Coal,2026_08
COPTNHYD,NSW1,SOUTHHYD,COPTNHYD,GENERATOR,NON-SCHEDULED,0.9111,2999/12/31 00:00:00,Hydro,Copeton Hydro Power Station,AGL Hydro Partnership,Hydro,2026_08
COOPGWF1,QLD1,COOPGWF,COOPGWF,GENERATOR,SEMI-SCHEDULED,0.9704,2999/12/31 00:00:00,Wind,Coopers Gap Wind Farm,PARF COMPANY 10 PTY LIMITED As The Trustee For Coopers Gap Project Trust,Wind,2026_08
COLWF01,NSW1,COLLECWF,COLLECWF,GENERATOR,SEMI-SCHEDULED,0.9643,2999/12/31 00:00:00,Wind,Collector Wind Farm,Collector Wind Farm Pty Ltd,Wind,2026_08
COLUMSF1,QLD1,COLUMSF,COLUMSF,GENERATOR,SEMI-SCHEDULED,0.9831,2999/12/31 00:00:00,Solar,Columboola Solar Farm,Columboola Solar Farm Nominees Pty Ltd ATF Columboola Solar Farm Op Trust,Solar,2026_08
COLEASF1,NSW1,COLEAMSF,COLEASF,GENERATOR,SEMI-SCHEDULED,0.8416,2999/12/31 00:00:00,Solar,Coleambally Solar Farm,Coleambally Solar Pty Ltd,Solar,2026_08
COHUNSF1,VIC1,ENELAUS,COHUNA,GENERATOR,SEMI-SCHEDULED,0.929,2999/12/31 00:00:00,Solar,Cohuna Solar Farm,Potentia Energy Retail Pty Ltd,Solar,2026_08
CODRNGTON,VIC1,EPVIC1,CODRGTON,GENERATOR,NON-SCHEDULED,0.9949,2999/12/31 00:00:00,Wind,Codrington Wind Farm,Energy Pacific (Vic) Pty Ltd,Wind,2026_08
CNUNDAWF,SA1,CNUNDAWF,CANUNDA1,GENERATOR,SEMI-SCHEDULED,0.9527,2999/12/31 00:00:00,Wind,CANUNDA WIND FARM ,Canunda Power Pty Ltd,Wind,2026_08
CPP_4,QLD1,CAPTPL,CALLIDEC,GENERATOR,SCHEDULED,0.9122,2999/12/31 00:00:00,Black coal,CALLIDE C NETT OFF,Callide Power Trading Pty Limited,Black Coal,2026_08
CLUNY,TAS1,HYDROTAS,CLUNY,GENERATOR,NON-SCHEDULED,1.0055,2999/12/31 00:00:00,Hydro,Cluny Power Station,Hydro-Electric Corporation,Hydro,2026_08
CLRKCWF1,QLD1,STANCCWF,CLRKCRWF,GENERATOR,SEMI-SCHEDULED,0.9313,2999/12/31 00:00:00,Wind,Clarke Creek Wind Farm,Stanwell Corporation Limited,Wind,2026_08
CLOVER,VIC1,SOUTHHYD,CLOVER,GENERATOR,NON-SCHEDULED,1.0012,2999/12/31 00:00:00,Hydro,CLOVER POWER STATION,AGL Hydro Partnership,Hydro,2026_08
CLEMGPWF,SA1,CLEMGPWF,CLEMGPWF,GENERATOR,SEMI-SCHEDULED,0.9614,2999/12/31 00:00:00,Wind,Clements Gap Wind Farm,Pacific Hydro Clements Gap Pty Ltd,Wind,2026_08
CLARESF1,QLD1,CLARESF1,CLARESF,GENERATOR,SEMI-SCHEDULED,0.8572,2999/12/31 00:00:00,Solar,Clare Solar Farm,Clare Solar Farm Pty Ltd,Solar,2026_08
CHYTWF1,VIC1,CHERRYWF,CHYTWF,GENERATOR,SEMI-SCHEDULED,0.9977,2999/12/31 00:00:00,Wind,Cherry Tree Wind Farm,Cherry Tree Wind Farm Pty Ltd As Trustee For The Cherry Tree Project Trust,Wind,2026_08
CHBESS1,QLD1,CSENERGY,CHBESS,BIDIRECTIONAL,SCHEDULED,0.9787,2999/12/31 00:00:00,Battery Storage,Chinchilla BESS,CS Energy Limited,Battery,2026_08
CHALLHWF,VIC1,CHALLHWF,CHALLWF,GENERATOR,NON-SCHEDULED,0.9791,2999/12/31 00:00:00,Wind,Challicum Hills Wind Farm,Pacific Hydro Challicum Hills Pty Ltd,Wind,2026_08
CGBESS01,SA1,CGBESS,CGBESS,BIDIRECTIONAL,SCHEDULED,1.0164,2999/12/31 00:00:00,Battery Storage,Clements Gap BESS,Pacific Hydro Clements Gap BESS Pty Ltd,Battery,2026_08
CETHANA,TAS1,HYDROTAS,CETHANA,GENERATOR,SCHEDULED,0.9705,2999/12/31 00:00:00,Hydro,Cethana Power Station,Hydro-Electric Corporation,Hydro,2026_08
CLRKCWF2,QLD1,STANCCWF,CLRKCRWF,GENERATOR,SEMI-SCHEDULED,0.9313,2999/12/31 00:00:00,Wind,Clarke Creek Wind Farm,Stanwell Corporation Limited,Wind,2026_08
MTGELWF1,VIC1,MTGELLWF,MTGELWF,GENERATOR,SEMI-SCHEDULED,0.989,2999/12/31 00:00:00,Wind,Mt Gellibrand Wind Farm,Mt. Gellibrand Wind Farm Pty Ltd,Wind,2026_08
CPSA,QLD1,QGCSALE1,CPSA,GENERATOR,SCHEDULED,0.9775,2999/12/31 00:00:00,Natural Gas (Pipeline),Condamine Power Station A,Shell Energy Cps Pty Ltd,Gas,2026_08
CROOKWF3,NSW1,CROOKWD3,CROOKWF3,GENERATOR,SEMI-SCHEDULED,0.9642,2999/12/31 00:00:00,Wind,Crookwell 3 Wind Farm,Crookwell 3 Development Pty Ltd,Wind,2026_08
DPNTB1,NSW1,DPNTBESS,DPNTBESS,BIDIRECTIONAL,SCHEDULED,0.9085,2999/12/31 00:00:00,Battery Storage,Darlington Point Energy Storage System,EnergyAustralia Pty Ltd,Battery,2026_08
DIAPURWF1,VIC1,YESSA,DIAPURWF,GENERATOR,NON-SCHEDULED,0.8954,2999/12/31 00:00:00,Wind,Diapur Wind Farm,Y.E.S. Energy (SA) Pty Ltd,Wind,2026_08
DG_VIC1,VIC1,NEMRESTR,DG_VIC1,GENERATOR,SCHEDULED,1,2999/12/31 00:00:00,,VIC1 Dummy Generator,AEMO Reserve Trader,,2026_08
DG_TAS1,TAS1,NEMRESTR,DG_TAS1,GENERATOR,SCHEDULED,1,2999/12/31 00:00:00,,TAS1 Dummy Generator,AEMO Reserve Trader,,2026_08
DG_SA1,SA1,NEMRESTR,DG_SA1,GENERATOR,SCHEDULED,1,2999/12/31 00:00:00,,SA1 Dummy Generator,AEMO Reserve Trader,,2026_08
DG_QLD1,QLD1,NEMRESTR,DG_QLD1,GENERATOR,SCHEDULED,1,2999/12/31 00:00:00,,QLD1 Dummy Generator,AEMO Reserve Trader,,2026_08
DG_NSW1,NSW1,NEMRESTR,DG_NSW1,GENERATOR,SCHEDULED,1,2999/12/31 00:00:00,,NSW1 Dummy Generator,AEMO Reserve Trader,,2026_08
DEVILS_G,TAS1,HYDROTAS,DEVILS_G,GENERATOR,SCHEDULED,0.9761,2999/12/31 00:00:00,Hydro,Devils Gate Power Station,Hydro-Electric Corporation,Hydro,2026_08
DDSF1,QLD1,DDSF,DDSF,GENERATOR,SEMI-SCHEDULED,0.981,2999/12/31 00:00:00,Solar,Darling Downs Solar Farm,Darling Downs Solar Farm Pty Ltd,Solar,2026_08
CROOKWF2,NSW1,CROOKWD,CROOKWF2,GENERATOR,SEMI-SCHEDULED,0.9644,2999/12/31 00:00:00,Wind,Crookwell 2 Wind Farm,Crookwell Development Pty Ltd,Wind,2026_08
DDPS1,QLD1,BORAL,DDPS1,GENERATOR,SCHEDULED,0.9709,2999/12/31 00:00:00,Natural Gas (Pipeline),Darling Downs Power Station,Origin Energy Electricity Limited,Gas,2026_08
DARTM1,VIC1,SOUTHHYD,DARTM,GENERATOR,SCHEDULED,0.9599,2999/12/31 00:00:00,Hydro,DARTMOUTH POWER STATION,AGL Hydro Partnership,Hydro,2026_08
DARLSF1,NSW1,DARLSF,DARLSF,GENERATOR,SEMI-SCHEDULED,0.8554,2999/12/31 00:00:00,Solar,Darlington Point Solar Farm,Darlington Point Solar Farm Pty Ltd,Solar,2026_08
DALNTH1,SA1,DALRYMPN,DALNTH,BIDIRECTIONAL,SCHEDULED,0.9358,2999/12/31 00:00:00,Battery Storage,Dalrymple North BESS,AGL Dalrymple Pty Limited,Battery,2026_08
CUSF1,NSW1,CUSF,CUSF,GENERATOR,SEMI-SCHEDULED,0.8903,2999/12/31 00:00:00,Solar,Culcairn Solar Farm,Culcairn Solar Farm Pty Ltd As The Trustee For Culcairn Solar Farm Trust,Solar,2026_08
CULLRGWF,NSW1,CULLRGWF,CULLERIN,GENERATOR,NON-SCHEDULED,0.9528,2999/12/31 00:00:00,Wind,Cullerin Range Wind Farm,Cullerin Range Wind Farm Pty Ltd,Wind,2026_08
CTHLWF1,TAS1,WILDCATL,CTHLWF,GENERATOR,SEMI-SCHEDULED,1.0088,2999/12/31 00:00:00,Wind,Cattle Hill Wind Farm,Wild Cattle Hill Pty Ltd,Wind,2026_08
CRWASF1,NSW1,COROWASF,CRWASF,GENERATOR,SEMI-SCHEDULED,0.8912,2999/12/31 00:00:00,Solar,Corowa Solar Farm,Corowa Operationsco Pty Ltd As The Trustee For Corowa Operations Trust,Solar,2026_08
CRWARP1,VIC1,CARWARP,CRWARPSF,GENERATOR,SEMI-SCHEDULED,0.8963,2999/12/31 00:00:00,Solar,Carwarp Solar Farm,CS SubCo Pty Ltd As The Trustee For Carwarp SF SPV,Solar,2026_08
CRURWF1,NSW1,CRUDINE,CRURWF,GENERATOR,SEMI-SCHEDULED,0.9276,2999/12/31 00:00:00,Wind,Crudine Ridge Wind Farm,CRWF Nominees Pty Ltd As Trustee For The CRWF Trust,Wind,2026_08
DAYDSF1,QLD1,DAYDSF,DAYDSF,GENERATOR,SEMI-SCHEDULED,0.8758,2999/12/31 00:00:00,Solar,Daydream Solar Farm,Daydream Solar Farm Pty Ltd As The Trustee For The Daydream Solar Farm Trust,Solar,2026_08
SHEP1,VIC1,DIAMOND,SHEP1,GENERATOR,NON-SCHEDULED,1.0142,2026/08/21 00:00:00,Biomass and industrial materials,Shepparton Wastewater Treatment Facility,Diamond Energy Pty Ltd,Bioenergy,2026_08
TATURA01,VIC1,DIAMOND,TATURA,GENERATOR,NON-SCHEDULED,1.0142,2026/08/21 00:00:00,Biomass and industrial materials,Tatura Biomass Generator,Diamond Energy Pty Ltd,Bioenergy,2026_08
MULWASF1,NSW1,MULWALSF,MUSF,GENERATOR,SEMI-SCHEDULED,0.8912,2999/12/31 00:00:00,Solar,Mulwala Solar Farm,ESCO Solar Farm 1 Pty Ltd As Trustee For ESCO Solar Farm 1 Trust,Solar,2026_08
TUMUT1-2,NSW1,SNOWY,TUMUT1,GENERATOR,NON-SCHEDULED,0.9768,2999/12/31 00:00:00,,TUMUT1,Snowy Hydro Limited,,2026_08
TUMUT1-3,NSW1,SNOWY,TUMUT1,GENERATOR,NON-SCHEDULED,0.9768,2999/12/31 00:00:00,,TUMUT1,Snowy Hydro Limited,,2026_08
TUMUT1-4,NSW1,SNOWY,TUMUT1,GENERATOR,NON-SCHEDULED,0.9768,2999/12/31 00:00:00,,TUMUT1,Snowy Hydro Limited,,2026_08
TUMUT2-1,NSW1,SNOWY,TUMUT2,GENERATOR,NON-SCHEDULED,0.9768,2999/12/31 00:00:00,,TUMUT2,Snowy Hydro Limited,,2026_08
TUMUT2-2,NSW1,SNOWY,TUMUT2,GENERATOR,NON-SCHEDULED,0.9768,2999/12/31 00:00:00,,TUMUT2,Snowy Hydro Limited,,2026_08
TUMUT2-3,NSW1,SNOWY,TUMUT2,GENERATOR,NON-SCHEDULED,0.9768,2999/12/31 00:00:00,,TUMUT2,Snowy Hydro Limited,,2026_08
TUMUT2-4,NSW1,SNOWY,TUMUT2,GENERATOR,NON-SCHEDULED,0.9768,2999/12/31 00:00:00,,TUMUT2,Snowy Hydro Limited,,2026_08
TUMUT3,NSW1,SNOWY,SNOWY1,GENERATOR,SCHEDULED,0.9516,2999/12/31 00:00:00,Hydro,Tumut 3 Power Station,Snowy Hydro Limited,Hydro,2026_08
TUMUT3-1,NSW1,SNOWY,TUMUT3,GENERATOR,NON-SCHEDULED,1.0092,2999/12/31 00:00:00,,TUMUT3,Snowy Hydro Limited,,2026_08
TUMUT3-2,NSW1,SNOWY,TUMUT3,GENERATOR,NON-SCHEDULED,1.0092,2999/12/31 00:00:00,,TUMUT3,Snowy Hydro Limited,,2026_08
TUMUT3-3,NSW1,SNOWY,TUMUT3,GENERATOR,NON-SCHEDULED,1.0092,2999/12/31 00:00:00,,TUMUT3,Snowy Hydro Limited,,2026_08
TUMUT3-4,NSW1,SNOWY,TUMUT3,GENERATOR,NON-SCHEDULED,1.0092,2999/12/31 00:00:00,,TUMUT3,Snowy Hydro Limited,,2026_08
MUCRKSF1,QLD1,MUNCRKSF,MUCRKSF,GENERATOR,SEMI-SCHEDULED,0.9579,2999/12/31 00:00:00,Solar,Munna Creek Solar Farm,Munna Creek Solar Farm Investments Pty Ltd As Trustee For Munna Creek Solar Farm,Solar,2026_08
TUMUT3-6,NSW1,SNOWY,TUMUT3,GENERATOR,NON-SCHEDULED,1.0092,2999/12/31 00:00:00,,TUMUT3,Snowy Hydro Limited,,2026_08
TUMUT1-1,NSW1,SNOWY,TUMUT1,GENERATOR,NON-SCHEDULED,0.9768,2999/12/31 00:00:00,,TUMUT1,Snowy Hydro Limited,,2026_08
TUNGATIN,TAS1,HYDROTAS,TUNGATIN,GENERATOR,SCHEDULED,0.9334,2999/12/31 00:00:00,Hydro,Tungatinah Power Station,Hydro-Electric Corporation,Hydro,2026_08
TVPP104,TAS1,HYDROTAS,BBP31,GENERATOR,SCHEDULED,0.9977,2999/12/31 00:00:00,Natural Gas (Pipeline),Bell Bay Three Power Station,Hydro-Electric Corporation,Gas,2026_08
ULPBESS1,QLD1,ULPBESS1,ULPBESS,BIDIRECTIONAL,SCHEDULED,0.9778,2999/12/31 00:00:00,Battery Storage,Ulinda Park BESS,Ulinda Park ProjectCo Pty Ltd,Battery,2026_08
UPPTUMUT,NSW1,SNOWY,SNOWY2,GENERATOR,SCHEDULED,0.967,2999/12/31 00:00:00,Hydro,Tumut Power Station,Snowy Hydro Limited,Hydro,2026_08
URANQ11,NSW1,BORAL,URANQ,GENERATOR,SCHEDULED,0.9228,2999/12/31 00:00:00,Natural Gas (Pipeline),Uranquinty Power Station,Origin Energy Electricity Limited,Gas,2026_08
URANQ12,NSW1,BORAL,URANQ,GENERATOR,SCHEDULED,0.9228,2999/12/31 00:00:00,Natural Gas (Pipeline),Uranquinty Power Station,Origin Energy Electricity Limited,Gas,2026_08
URANQ13,NSW1,BORAL,URANQ,GENERATOR,SCHEDULED,0.9228,2999/12/31 00:00:00,Natural Gas (Pipeline),Uranquinty Power Station,Origin Energy Electricity Limited,Gas,2026_08
URANQ14,NSW1,BORAL,URANQ,GENERATOR,SCHEDULED,0.9228,2999/12/31 00:00:00,Natural Gas (Pipeline),Uranquinty Power Station,Origin Energy Electricity Limited,Gas,2026_08
VBB1,VIC1,VBBHMCA3,VBB,BIDIRECTIONAL,SCHEDULED,0.9897,2999/12/31 00:00:00,Battery Storage,Victorian Big Battery,Victorian Big Battery Pty Ltd ATF HMC Energy Transition No.3 A3 Project Trust,Battery,2026_08
VENUS1,VIC1,ENOCMASP,ENOCSTA,LOAD,NON-SCHEDULED,1,2999/12/31 00:00:00,,ENOC MSAP VIC,Enel X Australia Pty Ltd,,2026_08
VICMILL1,QLD1,SUCROGEN,VICMILL,GENERATOR,NON-SCHEDULED,1.1403,2999/12/31 00:00:00,Biomass and industrial materials,Victoria Mill,Wilmar Sugar Pty Ltd,Bioenergy,2026_08
VPGS1,VIC1,SNOWY,VPGS,GENERATOR,SCHEDULED,0.9834,2999/12/31 00:00:00,Natural Gas (Pipeline),Valley Power Peaking Facility,Snowy Hydro Limited,Gas,2026_08
VPGS2,VIC1,SNOWY,VPGS,GENERATOR,SCHEDULED,0.9834,2999/12/31 00:00:00,Natural Gas (Pipeline),Valley Power Peaking Facility,Snowy Hydro Limited,Gas,2026_08
VPGS3,VIC1,SNOWY,VPGS,GENERATOR,SCHEDULED,0.9834,2999/12/31 00:00:00,Natural Gas (Pipeline),Valley Power Peaking Facility,Snowy Hydro Limited,Gas,2026_08
VPGS4,VIC1,SNOWY,VPGS,GENERATOR,SCHEDULED,0.9834,2999/12/31 00:00:00,Natural Gas (Pipeline),Valley Power Peaking Facility,Snowy Hydro Limited,Gas,2026_08
TVCC201,TAS1,HYDROTAS,TVCCPS,GENERATOR,SCHEDULED,1,2999/12/31 00:00:00,Natural Gas (Pipeline),Tamar Valley Combined Cycle Power Station,Hydro-Electric Corporation,Gas,2026_08
TUMT3NL3,NSW1,SNOWY,SNOWY1,GENERATOR,NON-SCHEDULED,0.9887,2999/12/31 00:00:00,Hydro,Tumut 3 Power Station,Snowy Hydro Limited,Hydro,2026_08
TUMT3NL2,NSW1,SNOWY,SNOWY1,GENERATOR,NON-SCHEDULED,0.9887,2999/12/31 00:00:00,Hydro,Tumut 3 Power Station,Snowy Hydro Limited,Hydro,2026_08
TUMT3NL1,NSW1,SNOWY,SNOWY1,GENERATOR,NON-SCHEDULED,0.9887,2999/12/31 00:00:00,Hydro,Tumut 3 Power Station,Snowy Hydro Limited,Hydro,2026_08
SUNRSF1,NSW1,SUNRSF,SUNRSF,GENERATOR,SEMI-SCHEDULED,0.8218,2999/12/31 00:00:00,Solar,Sunraysia Solar Farm,Sunraysia Solar Project Pty Ltd As Trustee For Sunraysia Solar Project Trust,Solar,2026_08
SUNTPSF1,NSW1,SUNTOP,SUNTPSF,GENERATOR,SEMI-SCHEDULED,0.9091,2999/12/31 00:00:00,Solar,Suntop Solar Farm,Suntop SF Pty Ltd As Trustee For The Suntop Asset Trust,Solar,2026_08
SWANBBF1,QLD1,CLEANCO,SWANBKBF,BIDIRECTIONAL,SCHEDULED,1.0015,2999/12/31 00:00:00,Battery Storage,Swanbank BESS,CleanCo Queensland Limited,Battery,2026_08
SWAN_E,QLD1,CLEANCO,SWANBANK,GENERATOR,SCHEDULED,1.0011,2999/12/31 00:00:00,Natural Gas (Pipeline),Swanbank B Power Station & Swanbank E Gas Turbine,CleanCo Queensland Limited,Gas,2026_08
TAHMOOR1,NSW1,EDLTT,TAHMOOR,GENERATOR,NON-SCHEDULED,0.9998,2999/12/31 00:00:00,Coal mine waste gas,Tahmoor Waste Coal Mine Gas Power Station,EDL (TT) Pty Limited,Gas,2026_08
TARALGA1,NSW1,TARALGA,TARALGA,GENERATOR,SEMI-SCHEDULED,1.0029,2999/12/31 00:00:00,Wind,Taralga Wind Farm,Taralga Wind Farm Nominees No 2 Pty Ltd (ATF Taralga Wind Farm Operating Trust),Wind,2026_08
TARBESS1,QLD1,STANWELL,TRNGBESS,BIDIRECTIONAL,SCHEDULED,0.9773,2999/12/31 00:00:00,Battery Storage,Tarong BESS,Stanwell Corporation Limited,Battery,2026_08
TARNL1,QLD1,STANWELL,TARONG,GENERATOR,NON-SCHEDULED,0.9755,2999/12/31 00:00:00,Black coal,TARONG POWER STATION,Stanwell Corporation Limited,Black Coal,2026_08
TARONG#1,QLD1,STANWELL,TARONG,GENERATOR,SCHEDULED,0.9743,2999/12/31 00:00:00,Black coal,TARONG POWER STATION,Stanwell Corporation Limited,Black Coal,2026_08
TARONG#2,QLD1,STANWELL,TARONG,GENERATOR,SCHEDULED,0.9743,2999/12/31 00:00:00,Black coal,TARONG POWER STATION,Stanwell Corporation Limited,Black Coal,2026_08
TARONG#3,QLD1,STANWELL,TARONG,GENERATOR,SCHEDULED,0.9743,2999/12/31 00:00:00,Black coal,TARONG POWER STATION,Stanwell Corporation Limited,Black Coal,2026_08
TARONG#4,QLD1,STANWELL,TARONG,GENERATOR,SCHEDULED,0.9743,2999/12/31 00:00:00,Black coal,TARONG POWER STATION,Stanwell Corporation Limited,Black Coal,2026_08
TARRALEA,TAS1,HYDROTAS,TARRALEA,GENERATOR,SCHEDULED,0.9581,2999/12/31 00:00:00,Hydro,Tarraleah Power Station,Hydro-Electric Corporation,Hydro,2026_08
TATIARA1,SA1,RESPONSE,TATIARA,GENERATOR,NON-SCHEDULED,1.0032,2999/12/31 00:00:00,Diesel oil,Tataria Bordertown Plant,Enel X Australia Pty Ltd,Diesel,2026_08
TB2B1,SA1,TAILEM,TB2HYB,BIDIRECTIONAL,SCHEDULED,0.9968,2999/12/31 00:00:00,Battery Storage,Tailem Bend 2 Hybrid Renewable Power Station,Tailem Bend II Project Company Pty Ltd ATF Tailem Bend II Project Trust,Battery,2026_08
TB2SF1,SA1,TAILEM,TB2HYB,GENERATOR,SEMI-SCHEDULED,0.9968,2999/12/31 00:00:00,Solar,Tailem Bend 2 Hybrid Renewable Power Station,Tailem Bend II Project Company Pty Ltd ATF Tailem Bend II Project Trust,Solar,2026_08
TGNSS1,VIC1,NOVAPWR,TGNSS,GENERATOR,NON-SCHEDULED,0.992,2999/12/31 00:00:00,Natural Gas (Pipeline),Traralgon Network Support Station,Pacific Energy (Peaking Power) Pty Ltd,Gas,2026_08
TULLYSM1,QLD1,TULLYSL,TULLYSM,GENERATOR,NON-SCHEDULED,0.9128,2999/12/31 00:00:00,,Tully Sugar Mill,Tully Sugar Limited,,2026_08
TRIBUTE,TAS1,HYDROTAS,TRIBUTE,GENERATOR,SCHEDULED,0.9505,2999/12/31 00:00:00,Hydro,Tribute Power Station,Hydro-Electric Corporation,Hydro,2026_08
TRIBNL1,TAS1,HYDROTAS,TRIBUTE,GENERATOR,NON-SCHEDULED,0.9793,2999/12/31 00:00:00,Hydro,Tribute Power Station,Hydro-Electric Corporation,Hydro,2026_08
TREVALLN,TAS1,HYDROTAS,TREVALLN,GENERATOR,SCHEDULED,0.997,2999/12/31 00:00:00,Hydro,Trevallyn Power Station,Hydro-Electric Corporation,Hydro,2026_08
TORRB4,SA1,TIPSCO,TORRIS,GENERATOR,SCHEDULED,0.9996,2999/12/31 00:00:00,Natural Gas (Pipeline),TORRENS ISLAND POWER STATION,AGL SA Generation Pty Limited,Gas,2026_08
TORRB3,SA1,TIPSCO,TORRIS,GENERATOR,SCHEDULED,0.9996,2999/12/31 00:00:00,Natural Gas (Pipeline),TORRENS ISLAND POWER STATION,AGL SA Generation Pty Limited,Gas,2026_08
VPGS5,VIC1,SNOWY,VPGS,GENERATOR,SCHEDULED,0.9834,2999/12/31 00:00:00,Natural Gas (Pipeline),Valley Power Peaking Facility,Snowy Hydro Limited,Gas,2026_08
TORRB2,SA1,TIPSCO,TORRIS,GENERATOR,SCHEDULED,0.9996,2999/12/31 00:00:00,Natural Gas (Pipeline),TORRENS ISLAND POWER STATION,AGL SA Generation Pty Limited,Gas,2026_08
TORNL1,SA1,TIPSCO,TORRIS,GENERATOR,NON-SCHEDULED,1,2999/12/31 00:00:00,Natural Gas (Pipeline),TORRENS ISLAND POWER STATION,AGL SA Generation Pty Limited,Gas,2026_08
TOORAWF,VIC1,TOORAWF,TOORAWF,GENERATOR,NON-SCHEDULED,0.992,2999/12/31 00:00:00,Wind,TOORA WIND FARM,Toora Wind Farm Pty Ltd,Wind,2026_08
TNPS1,QLD1,STANWELL,TARONGN,GENERATOR,SCHEDULED,0.9752,2999/12/31 00:00:00,Black coal,Tarong North Power Station,Stanwell Corporation Limited,Black Coal,2026_08
TIMWEST,VIC1,ALNTARES,TIMWEST,GENERATOR,NON-SCHEDULED,0.9949,2999/12/31 00:00:00,Wind,Timboon West Wind Farm,Alinta Energy Retail Sales Pty Ltd,Wind,2026_08
TIB1,SA1,TIPSCO,TIBESS,BIDIRECTIONAL,SCHEDULED,0.9994,2999/12/31 00:00:00,Battery Storage,Torrens Island BESS,AGL SA Generation Pty Limited,Battery,2026_08
THEDROP1,NSW1,PACHYDIN,THEDROP,GENERATOR,NON-SCHEDULED,0.9944,2999/12/31 00:00:00,Hydro,The Drop Power Station,Pacific Hydro Investments Pty Ltd,Hydro,2026_08
TORRB1,SA1,TIPSCO,TORRIS,GENERATOR,SCHEDULED,0.9996,2999/12/31 00:00:00,Natural Gas (Pipeline),TORRENS ISLAND POWER STATION,AGL SA Generation Pty Limited,Gas,2026_08
STWF1,NSW1,SLVRTN,STWF,GENERATOR,SEMI-SCHEDULED,0.896,2999/12/31 00:00:00,Wind,Silverton Wind Farm,PARF Company 8 Pty Ltd As The Trustee For Silverton Project Trust,Wind,2026_08
VPGS6,VIC1,SNOWY,VPGS,GENERATOR,SCHEDULED,0.9834,2999/12/31 00:00:00,Natural Gas (Pipeline),Valley Power Peaking Facility,Snowy Hydro Limited,Gas,2026_08
VSSAE1V1,SA1,AGLE,VSSAE1,LOAD,NON-SCHEDULED,1,2999/12/31 00:00:00,,VPP AGLE SA 1,AGL South Australia Pty Ltd,,2026_08
WONWP,VIC1,WONTHGWF,WONWP,GENERATOR,NON-SCHEDULED,0.992,2999/12/31 00:00:00,Wind,Wonthaggi Wind Farm,Progressive Green Pty Ltd,Wind,2026_08
WOODLWN1,NSW1,WOODLAWN,WOODLWN,GENERATOR,SEMI-SCHEDULED,0.9694,2999/12/31 00:00:00,Wind,Woodlawn Wind Farm,Woodlawn Wind Pty Ltd,Wind,2026_08
WOOLES1,QLD1,WOOLBESS,WOOLOOGA,BIDIRECTIONAL,SCHEDULED,0.9674,2999/12/31 00:00:00,Battery Storage,Woolooga BESS,Woolooga BESS Fund Pty Limited As Trustee For The Woolooga BESS Trust,Battery,2026_08
WOOLGSF1,QLD1,WOOLOOGA,WOOLGSF,GENERATOR,SEMI-SCHEDULED,0.9568,2999/12/31 00:00:00,Solar,Woolooga Solar Farm,Woolooga Fund Pty Ltd As Trustee For The Woolooga Trust,Solar,2026_08
WPWF,SA1,TIPSCO,WPWF,GENERATOR,SEMI-SCHEDULED,0.8476,2999/12/31 00:00:00,Wind,Wattle Point Wind Farm,AGL SA Generation Pty Limited,Wind,2026_08
WRSF1,NSW1,WROCKWF,WRSF1,GENERATOR,SEMI-SCHEDULED,0.8265,2999/12/31 00:00:00,Solar,White Rock Solar Farm,White Rock Wind Farm Pty Ltd,Solar,2026_08
WRWF1,NSW1,WROCKWF,WRWF1,GENERATOR,SEMI-SCHEDULED,0.8265,2999/12/31 00:00:00,Wind,White Rock Wind Farm,White Rock Wind Farm Pty Ltd,Wind,2026_08
WSTWYSF1,NSW1,WYALONG,WSTWYSF,GENERATOR,SEMI-SCHEDULED,0.8865,2999/12/31 00:00:00,Solar,West Wyalong Solar Farm,West Wyalong Fund Pty Ltd As The Trustee For West Wyalong Trust,Solar,2026_08
WTAHB1,NSW1,WTAHBESS,WTAHBESS,BIDIRECTIONAL,SCHEDULED,0.9972,2999/12/31 00:00:00,Battery Storage,Waratah Super Battery,Munmorah Battery ProjectCo Pty Ltd,Battery,2026_08
WUNUSF1,VIC1,SUNSPOT3,WUNUSF,GENERATOR,SEMI-SCHEDULED,0.921,2999/12/31 00:00:00,Solar,Wunghnu Solar Farm,Sun Spot 3 Pty Ltd,Solar,2026_08
WYA252B1,TAS1,HYDROTAS,LI_WY_CA,GENERATOR,NON-SCHEDULED,1.0075,2999/12/31 00:00:00,Hydro,Catagunya / Liapootah / Wayatinah Power Station,Hydro-Electric Corporation,Hydro,2026_08
WYANGALA,NSW1,HYDROPWR,WYANGALA,GENERATOR,NON-SCHEDULED,0.998,2999/12/31 00:00:00,Hydro,Wyangala A Power Station,Hydro Power Pty Limited,Hydro,2026_08
WYANGALB,NSW1,HYDROPWR,WYANGALB,GENERATOR,NON-SCHEDULED,0.998,2999/12/31 00:00:00,Hydro,Wyangala B Power Station,Hydro Power Pty Limited,Hydro,2026_08
WYASF1,NSW1,WYASF,WYASF,GENERATOR,SEMI-SCHEDULED,0.8865,2999/12/31 00:00:00,Solar,Wyalong Solar Farm,Wyalong Solar Farm Pty Ltd ATF Wyalong Solar Farm Unit Trust,Solar,2026_08
WOLLERT1,VIC1,LMSENE,WOLLERT,GENERATOR,NON-SCHEDULED,0.9978,2999/12/31 00:00:00,Landfill biogas methane,Wollert Renewable Energy Facility,LMS Energy Pty Ltd,Bioenergy,2026_08
WYB252B1,TAS1,HYDROTAS,LI_WY_CA,GENERATOR,NON-SCHEDULED,1.0075,2999/12/31 00:00:00,Hydro,Catagunya / Liapootah / Wayatinah Power Station,Hydro-Electric Corporation,Hydro,2026_08
YARWUN_1,QLD1,YARWUN,YARWUN,GENERATOR,SCHEDULED,0.9249,2999/12/31 00:00:00,Natural Gas (Pipeline),Yarwun Power Station,RTA Yarwun Pty Ltd,Gas,2026_08
YATSF1,VIC1,YATSF,YATSF,GENERATOR,SEMI-SCHEDULED,0.9051,2999/12/31 00:00:00,Solar,Yatpool Solar Farm,Yatpool Sun Farm Pty Ltd,Solar,2026_08
YAWWF1,VIC1,ALNTARES,YAWWF,GENERATOR,NON-SCHEDULED,1.0031,2999/12/31 00:00:00,Wind,Yawong Wind Farm,Alinta Energy Retail Sales Pty Ltd,Wind,2026_08
YENDWF1,VIC1,LALLALWF,YENDONWF,GENERATOR,SEMI-SCHEDULED,0.9547,2999/12/31 00:00:00,Wind,Yendon Wind Farm,Lal Lal Wind Farms Nom Co Pty Ltd,Wind,2026_08
YSWF1,VIC1,YALSTHWF,YSWF,GENERATOR,NON-SCHEDULED,0.9791,2999/12/31 00:00:00,Wind,Yaloak South Wind Farm,Pacific Hydro Yaloak South Pty Ltd,Wind,2026_08
YWNGAHYD,VIC1,SOUTHHYD,YWNGAHYD,GENERATOR,NON-SCHEDULED,1.0142,2999/12/31 00:00:00,Hydro,Yarrawonga Hydro Power Station,AGL Hydro Partnership,Hydro,2026_08
YWNL1,VIC1,YALLOURN,YALLOURN,GENERATOR,NON-SCHEDULED,0.9584,2999/12/31 00:00:00,Brown coal,YALLOURN 'W' POWER STATION,EnergyAustralia Yallourn Pty Ltd,Brown Coal,2026_08
YWPS1,VIC1,YALLOURN,YALLOURN,GENERATOR,SCHEDULED,0.9658,2999/12/31 00:00:00,Brown coal,YALLOURN 'W' POWER STATION,EnergyAustralia Yallourn Pty Ltd,Brown Coal,2026_08
YWPS2,VIC1,YALLOURN,YALLOURN,GENERATOR,SCHEDULED,0.9584,2999/12/31 00:00:00,Brown coal,YALLOURN 'W' POWER STATION,EnergyAustralia Yallourn Pty Ltd,Brown Coal,2026_08
YWPS3,VIC1,YALLOURN,YALLOURN,GENERATOR,SCHEDULED,0.9584,2999/12/31 00:00:00,Brown coal,YALLOURN 'W' POWER STATION,EnergyAustralia Yallourn Pty Ltd,Brown Coal,2026_08
YWPS4,VIC1,YALLOURN,YALLOURN,GENERATOR,SCHEDULED,0.9584,2999/12/31 00:00:00,Brown coal,YALLOURN 'W' POWER STATION,EnergyAustralia Yallourn Pty Ltd,Brown Coal,2026_08
SMFBESS1,SA1,SMFBESS,SMFBESS1,BIDIRECTIONAL,SCHEDULED,1.0008,2999/12/31 00:00:00,Battery Storage,Summerfield BESS1,CI Summerfield BESS Pty Ltd ATF CI Summerfield BESS Trust,Battery,2026_08
SMFBESS2,SA1,SMFBESS,SMFBESS2,BIDIRECTIONAL,SCHEDULED,1.0008,2999/12/31 00:00:00,Battery Storage,Summerfield BESS2,CI Summerfield BESS Pty Ltd ATF CI Summerfield BESS Trust,Battery,2026_08
WILLBES1,NSW1,WILLBESS,WILLBESS,BIDIRECTIONAL,SCHEDULED,0.9714,2999/12/31 00:00:00,Battery Storage,Williamsdale BESS,Williamsdale BESS Project Co Pty Ltd As Trustee For Williamsdale BESS Project Tr,Battery,2026_08
YAMBUKWF,VIC1,EPVIC1,YAMBUK,GENERATOR,NON-SCHEDULED,0.9949,2999/12/31 00:00:00,Wind,YAMBUK WIND FARM,Energy Pacific (Vic) Pty Ltd,Wind,2026_08
WOLARSF1,NSW1,WOLLARSF,WOLARSF,GENERATOR,SEMI-SCHEDULED,0.955,2999/12/31 00:00:00,Solar,Wollar Solar Farm,Wollar Solar Development Pty Ltd,Solar,2026_08
WNSF1,VIC1,CPEMGEN,WNSF,GENERATOR,NON-SCHEDULED,0.9282,2999/12/31 00:00:00,Solar,Wangaratta Solar Farm,CPE Mascot Pty Ltd,Solar,2026_08
WLWLSF2,NSW1,WLWLSF2,WLWLSF2,GENERATOR,SEMI-SCHEDULED,0.8894,2999/12/31 00:00:00,Solar,Walla Walla Solar Farm 2,Walla Walla Asset Co Pty Ltd As Trustee For The Walla Walla Asset Trust,Solar,2026_08
VSSSE1V1,SA1,ENGYAVIC,VSSSE1,LOAD,NON-SCHEDULED,1,2999/12/31 00:00:00,,VPP Simply SA 1,ENGIE,,2026_08
W/HOE#1,QLD1,CLEANCO,WIVENHOE,GENERATOR,SCHEDULED,0.9932,2999/12/31 00:00:00,Hydro,WIVENHOE POWER STATION,CleanCo Queensland Limited,Hydro,2026_08
W/HOE#2,QLD1,CLEANCO,WIVENHOE,GENERATOR,SCHEDULED,0.9932,2999/12/31 00:00:00,Hydro,WIVENHOE POWER STATION,CleanCo Queensland Limited,Hydro,2026_08
WAGGNSF1,NSW1,WAGGAOPS,WAGGNSF,GENERATOR,SEMI-SCHEDULED,0.8824,2999/12/31 00:00:00,Solar,Wagga North Solar Farm,Wagga Wagga Operationsco Pty Ltd Atf Wagga Wagga Operations Trust,Solar,2026_08
WALGRV1,NSW1,WALGBESS,WALGBESS,BIDIRECTIONAL,SCHEDULED,1.0017,2999/12/31 00:00:00,Battery Storage,Wallgrove BESS 1,Iberdrola Australia Wallgrove Pty Limited,Battery,2026_08
WAMBOWF1,QLD1,STANWAM1,WAMBOWF1,GENERATOR,SEMI-SCHEDULED,0.9701,2999/12/31 00:00:00,Wind,Wambo Wind Farm 1,Stanwell Corporation Limited,Wind,2026_08
WAMBOWF2,QLD1,STANWAM2,WAMBOWF2,GENERATOR,SEMI-SCHEDULED,0.9685,2999/12/31 00:00:00,Wind,Wambo Wind Farm 2,Stanwell Corporation Limited,Wind,2026_08
WANDB1,QLD1,AGLWBESS,WANDBESS,BIDIRECTIONAL,SCHEDULED,1,2999/12/31 00:00:00,Battery Storage,Wandoan BESS,AGL Sales (Queensland Electricity) Pty Limited,Battery,2026_08
WANDSF1,QLD1,WANDOAN,WANDSF,GENERATOR,SEMI-SCHEDULED,0.985,2999/12/31 00:00:00,Solar,Wandoan Solar Farm,Wandoan Solar Project Co Pty Ltd As Trustee For Wandoan Solar Project Trust,Solar,2026_08
WANDSF2,QLD1,WANDOAN,WANDSF,GENERATOR,SEMI-SCHEDULED,0.985,2999/12/31 00:00:00,Solar,Wandoan Solar Farm,Wandoan Solar Project Co Pty Ltd As Trustee For Wandoan Solar Project Trust,Solar,2026_08
WATERLWF,SA1,WATERLWF,WATERLWF,GENERATOR,SEMI-SCHEDULED,0.9611,2999/12/31 00:00:00,Wind,Waterloo Wind Farm,Waterloo Wind Farm Pty Ltd,Wind,2026_08
WAUBRAWF,VIC1,PYRENEES,WAUBRAWF,GENERATOR,NON-SCHEDULED,0.9299,2999/12/31 00:00:00,Wind,WAUBRA WIND FARM,Pyrenees Wind Energy Developments Pty Ltd,Wind,2026_08
WDBESS1,QLD1,WDOWBESS,WDBESS,BIDIRECTIONAL,SCHEDULED,0.9801,2999/12/31 00:00:00,Battery Storage,Western Downs Battery Energy Storage System (BESS),Western Downs BESS Pty Ltd ATF The Western Downs BESS Trust,Battery,2026_08
WDBESS2,QLD1,WDOWBESS,WDBESS,BIDIRECTIONAL,SCHEDULED,0.9801,2999/12/31 00:00:00,Battery Storage,Western Downs Battery Energy Storage System (BESS),Western Downs BESS Pty Ltd ATF The Western Downs BESS Trust,Battery,2026_08
WDGPH1,QLD1,WDOWNS,WDGPH,GENERATOR,SEMI-SCHEDULED,0.9761,2999/12/31 00:00:00,Solar,Western Downs GPH,Western Downs Green Power Hub Pty Ltd ATF Western Downs Green Power Hub Trust,Solar,2026_08
WDLNGN01,NSW1,EASTENGY,WDLNGN,GENERATOR,NON-SCHEDULED,1.0029,2999/12/31 00:00:00,Landfill biogas methane,Woodlawn Bioreactor Energy Generation Station,EnergyAustralia Pty Ltd,Bioenergy,2026_08
WELLSF1,NSW1,LIGHTSRC,WELLINSF,GENERATOR,SEMI-SCHEDULED,0.9273,2999/12/31 00:00:00,Solar,Wellington Solar Farm,Lightsource Australia SPV 4 Pty Ltd,Solar,2026_08
WLWLSF1,NSW1,WLWLSF1,WLWLSF1,GENERATOR,SEMI-SCHEDULED,0.8908,2999/12/31 00:00:00,Solar,Walla Walla Solar Farm 1,Walla Walla Asset Co Pty Ltd As Trustee For The Walla Walla Asset Trust,Solar,2026_08
WKIEWA2,VIC1,SOUTHHYD,WKIEWA,GENERATOR,SCHEDULED,0.9865,2999/12/31 00:00:00,Hydro,WEST KIEWA POWER STATION,AGL Hydro Partnership,Hydro,2026_08
WKIEWA1,VIC1,SOUTHHYD,WKIEWA,GENERATOR,SCHEDULED,0.9865,2999/12/31 00:00:00,Hydro,WEST KIEWA POWER STATION,AGL Hydro Partnership,Hydro,2026_08
WINTSF1,VIC1,WINTONSF,WINTONSF,GENERATOR,SEMI-SCHEDULED,0.9211,2999/12/31 00:00:00,Solar,Winton Solar Farm,Winton Asset Co Pty Ltd As The Trustee For Winton Asset Trust,Solar,2026_08
WINGF2_1,SA1,EDLLFGS,WINGF2,GENERATOR,NON-SCHEDULED,1.0007,2999/12/31 00:00:00,Landfill biogas methane,Wingfield 2 Landfill Gas Power Station,EDL LFG (SA) Pty Ltd,Bioenergy,2026_08
WINGF1_1,SA1,EDLLFGS,WINGF1,GENERATOR,NON-SCHEDULED,1.0012,2999/12/31 00:00:00,Landfill biogas methane,Wingfield 1 Landfill Gas Power Station,EDL LFG (SA) Pty Ltd,Bioenergy,2026_08
VSQHT1V1,QLD1,HYDROTAS,VSQHT1,LOAD,NON-SCHEDULED,1,2999/12/31 00:00:00,,VPP HT QLD 1,Hydro-Electric Corporation,,2026_08
WILLHOV1,VIC1,PACHYDIN,WILLHOV,GENERATOR,NON-SCHEDULED,0.9945,2999/12/31 00:00:00,Hydro,William Hovell Power Station,Pacific Hydro Investments Pty Ltd,Hydro,2026_08
WILGAPK,NSW1,NARRABRI,WILGAPK,GENERATOR,NON-SCHEDULED,0.9594,2999/12/31 00:00:00,Coal Seam Methane,Wilga Park Power Station,Santos NSW (Narrabri Power) Pty Ltd,Gas,2026_08
WHITSF1,QLD1,WSUNDAY,WHITSF,GENERATOR,SEMI-SCHEDULED,0.8736,2999/12/31 00:00:00,Solar,Whitsunday Solar Farm,Whitsunday Solar Farm Pty Ltd,Solar,2026_08
WGWF1,SA1,WGWF,WGWF,GENERATOR,SEMI-SCHEDULED,0.9592,2999/12/31 00:00:00,Wind,Willogoleche Wind Farm,Willogoleche Power Pty Ltd As The Trustee For The Willogoleche Operating Trust,Wind,2026_08
WESTILL1,NSW1,RESPONSE,WESTILLA,GENERATOR,NON-SCHEDULED,0.994,2999/12/31 00:00:00,Diesel oil,West Illawarra Leagues Club Plant,Enel X Australia Pty Ltd,Diesel,2026_08
WEMENSF1,VIC1,WEMENSF,WEMENSF1,GENERATOR,SEMI-SCHEDULED,0.9092,2999/12/31 00:00:00,Solar,Wemen Solar Farm,Wemen Asset Co Pty Ltd As Trustee For Wemen Solar Unit Trust,Solar,2026_08
WELNSF1,NSW1,WELLNTH,WELLNTH,GENERATOR,SEMI-SCHEDULED,0.9376,2999/12/31 00:00:00,Solar,Wellington North Solar Farm,Wellington North Solar Farm Pty Limited,Solar,2026_08
WILGB01,NSW1,NARRABRI,WILGAPKB,GENERATOR,NON-SCHEDULED,0.9594,2999/12/31 00:00:00,Coal seam methane,Wilga Park B,Santos NSW (Narrabri Power) Pty Ltd,Gas,2026_08
STUBSF2,NSW1,STUBB1SF,STUBBSF2,GENERATOR,SEMI-SCHEDULED,0.9427,2999/12/31 00:00:00,Solar,Stubbo Solar Farm 2,Stubbo 1 Pty Ltd As The Trustee For Stubbo 1 Solar Project Trust,Solar,2026_08
TUMUT3-5,NSW1,SNOWY,TUMUT3,GENERATOR,NON-SCHEDULED,1.0092,2999/12/31 00:00:00,,TUMUT3,Snowy Hydro Limited,,2026_08
STOCKYD1,VIC1,STOCKYRD,STOCKYD,GENERATOR,SEMI-SCHEDULED,0.9827,2999/12/31 00:00:00,Wind,Stockyard Hill Wind Farm,Stockyard Hill Wind Farm Pty Ltd,Wind,2026_08
OAKEY1SF,QLD1,DIAMDGEN,OAKEY1SF,GENERATOR,SEMI-SCHEDULED,0.9856,2999/12/31 00:00:00,Solar,Oakey 1 Solar Farm,Diamond Energy Pty Ltd,Solar,2026_08
OAKEY2,QLD1,ERMPOWER,OAKEY,GENERATOR,SCHEDULED,0.9768,2999/12/31 00:00:00,Natural Gas (Pipeline),OAKEY POWER STATION,Shell Energy Retail Pty Ltd,Gas,2026_08
OAKEY2SF,QLD1,DIAMDGEN,OAKEY2SF,GENERATOR,SEMI-SCHEDULED,0.9856,2999/12/31 00:00:00,Solar,Oakey 2 Solar Farm,Diamond Energy Pty Ltd,Solar,2026_08
OAKLAND1,VIC1,SOUTHYD2,OAKLAND,GENERATOR,SEMI-SCHEDULED,0.9949,2999/12/31 00:00:00,Wind,Oaklands Hill Wind Farm,AGL Hydro Partnership,Wind,2026_08
OAKY2,QLD1,EDLOCI,OAKY2,GENERATOR,NON-SCHEDULED,0.9131,2999/12/31 00:00:00,Coal mine waste gas,Oaky Creek 2,EDL (OCI) Pty Limited,Gas,2026_08
OAKYCREK,QLD1,EDLOCI,OCPS,GENERATOR,NON-SCHEDULED,0.9131,2999/12/31 00:00:00,Natural Gas (Pipeline),Oaky Creek Power Station,EDL (OCI) Pty Limited,Gas,2026_08
OSB-AG,SA1,BORAL,OSBORNE,GENERATOR,SCHEDULED,0.9997,2999/12/31 00:00:00,Natural Gas (Pipeline),OSBORNE POWER STATION,Origin Energy Electricity Limited,Gas,2026_08
PALOONA,TAS1,HYDROTAS,PALOONA,GENERATOR,NON-SCHEDULED,0.9803,2999/12/31 00:00:00,Hydro,Paloona Power Station,Hydro-Electric Corporation,Hydro,2026_08
PAREPS1,SA1,BBPEM,PAREP,GENERATOR,SEMI-SCHEDULED,0.9709,2999/12/31 00:00:00,Solar,Port Augusta Renewable Energy Park,Iberdrola Australia Energy Markets Pty Limited,Solar,2026_08
PAREPW1,SA1,BBPEM,PAREP,GENERATOR,SEMI-SCHEDULED,0.9709,2999/12/31 00:00:00,Wind,Port Augusta Renewable Energy Park,Iberdrola Australia Energy Markets Pty Limited,Wind,2026_08
PARSF1,NSW1,PSF,PSF,GENERATOR,SEMI-SCHEDULED,0.8918,2999/12/31 00:00:00,Solar,Parkes Solar Farm,Parkes Solar Farm Pty Ltd,Solar,2026_08
PIBESS1,VIC1,MONDO,PIBESS,BIDIRECTIONAL,SCHEDULED,0.992,2999/12/31 00:00:00,Battery Storage,Phillip Island BESS,Mondo Metering Pty Ltd,Battery,2026_08
PINDARI,NSW1,SOUTHHYD,PINDARI,GENERATOR,NON-SCHEDULED,0.9003,2999/12/31 00:00:00,Hydro,Pindari Hydro Power Station,AGL Hydro Partnership,Hydro,2026_08
PIONEER,QLD1,PIONEER,PIONEER,GENERATOR,NON-SCHEDULED,0.9925,2999/12/31 00:00:00,Biomass and industrial materials,Pioneer Sugar Mill,Pioneer Sugar Mills Pty Ltd,Bioenergy,2026_08
OAKEY1,QLD1,ERMPOWER,OAKEY,GENERATOR,SCHEDULED,0.9768,2999/12/31 00:00:00,Natural Gas (Pipeline),OAKEY POWER STATION,Shell Energy Retail Pty Ltd,Gas,2026_08
PO110NL1,TAS1,HYDROTAS,PTINA110,GENERATOR,NON-SCHEDULED,1.012,2999/12/31 00:00:00,Hydro,Poatina Power Station,Hydro-Electric Corporation,Hydro,2026_08
POAT220,TAS1,HYDROTAS,PTINA220,GENERATOR,SCHEDULED,0.9972,2999/12/31 00:00:00,Hydro,Poatina Power Station,Hydro-Electric Corporation,Hydro,2026_08
POR01,SA1,PEAKCO,PORTLCN,GENERATOR,SCHEDULED,0.9846,2999/12/31 00:00:00,Diesel oil,Port Lincoln Gas Turbine,Synergen Power Pty Limited,Diesel,2026_08
POR03,SA1,PEAKCO,PORTLCN,GENERATOR,SCHEDULED,0.9865,2999/12/31 00:00:00,Diesel oil,Port Lincoln Gas Turbine,Synergen Power Pty Limited,Diesel,2026_08
PORTWF,VIC1,PORTWF,PORTWF,GENERATOR,NON-SCHEDULED,0.9962,2999/12/31 00:00:00,Wind,Portland Wind Farm,Pacific Hydro Portland Wind Farm Pty Ltd,Wind,2026_08
PPCCGT,SA1,NPSAIL,NPPPPS,GENERATOR,SCHEDULED,0.9992,2999/12/31 00:00:00,Natural Gas (Pipeline),Pelican Point Power Station,Pelican Point Power Limited,Gas,2026_08
PTSTAN1,SA1,SNOWY,STANVAC,GENERATOR,SCHEDULED,1.0033,2999/12/31 00:00:00,Diesel oil,Pt Stanvac Power Station,Snowy Hydro Limited,Diesel,2026_08
PUMP1,QLD1,CLEANCO,WIVENHOE,LOAD,SCHEDULED,1.0008,2999/12/31 00:00:00,Hydro,WIVENHOE POWER STATION,CleanCo Queensland Limited,Hydro,2026_08
PUMP2,QLD1,CLEANCO,WIVENHOE,LOAD,SCHEDULED,1.0008,2999/12/31 00:00:00,Hydro,WIVENHOE POWER STATION,CleanCo Queensland Limited,Hydro,2026_08
QBYNB1,NSW1,BERBANK,QBYNBESS,BIDIRECTIONAL,SCHEDULED,0.9982,2999/12/31 00:00:00,Battery Storage,Queanbeyan BESS,Berrybank 2 Asset Pty Ltd As The Trustee For Berrybank 2 Asset Trust,Battery,2026_08
QPS1,SA1,BORAL,QUARANTN,GENERATOR,SCHEDULED,0.9935,2999/12/31 00:00:00,Natural Gas (Pipeline),Quarantine Power Station,Origin Energy Electricity Limited,Gas,2026_08
QPS2,SA1,BORAL,QUARANTN,GENERATOR,SCHEDULED,0.9935,2999/12/31 00:00:00,Natural Gas (Pipeline),Quarantine Power Station,Origin Energy Electricity Limited,Gas,2026_08
QPS3,SA1,BORAL,QUARANTN,GENERATOR,SCHEDULED,0.9935,2999/12/31 00:00:00,Natural Gas (Pipeline),Quarantine Power Station,Origin Energy Electricity Limited,Gas,2026_08
QPS4,SA1,BORAL,QUARANTN,GENERATOR,SCHEDULED,0.9935,2999/12/31 00:00:00,Natural Gas (Pipeline),Quarantine Power Station,Origin Energy Electricity Limited,Gas,2026_08
QPS5,SA1,BORAL,QUARANTN,GENERATOR,SCHEDULED,0.9935,2999/12/31 00:00:00,Natural Gas (Pipeline),Quarantine Power Station,Origin Energy Electricity Limited,Gas,2026_08
POAT110,TAS1,HYDROTAS,PTINA110,GENERATOR,SCHEDULED,0.9872,2999/12/31 00:00:00,Hydro,Poatina Power Station,Hydro-Electric Corporation,Hydro,2026_08
NYNGAN1,NSW1,TLTSFS,NYNGAN,GENERATOR,SEMI-SCHEDULED,0.9699,2999/12/31 00:00:00,Solar,Nyngan Solar Plant,PARF Company 6 Pty Ltd As The Trustee For Project Trust,Solar,2026_08
NUMURSF1,VIC1,NUMURKSF,NUMURKSF,GENERATOR,SEMI-SCHEDULED,0.921,2999/12/31 00:00:00,Solar,Numurkah Solar Farm,Numurkah Solar Farm Pty Ltd,Solar,2026_08
NPS,VIC1,ECOGEN,NEWPORT,GENERATOR,SCHEDULED,0.9957,2999/12/31 00:00:00,Natural Gas (Pipeline),NEWPORT POWER STATION,EnergyAustralia Ecogen Pty Ltd,Gas,2026_08
MURAYNL1,VIC1,SNOWY,MURRAY,GENERATOR,NON-SCHEDULED,0.9565,2999/12/31 00:00:00,Hydro,Murray Power Station,Snowy Hydro Limited,Hydro,2026_08
MURAYNL2,VIC1,SNOWY,MURRAY,GENERATOR,NON-SCHEDULED,0.9565,2999/12/31 00:00:00,Hydro,Murray Power Station,Snowy Hydro Limited,Hydro,2026_08
MURAYNL3,VIC1,SNOWY,MURRAY,GENERATOR,NON-SCHEDULED,0.9565,2999/12/31 00:00:00,Hydro,Murray Power Station,Snowy Hydro Limited,Hydro,2026_08
MURR1-1,VIC1,SNOWY,MURRAY1,GENERATOR,NON-SCHEDULED,0.98,2999/12/31 00:00:00,,MURRAY1,Snowy Hydro Limited,,2026_08
MURR1-10,VIC1,SNOWY,MURRAY1,GENERATOR,NON-SCHEDULED,0.98,2999/12/31 00:00:00,,MURRAY1,Snowy Hydro Limited,,2026_08
MURR1-2,VIC1,SNOWY,MURRAY1,GENERATOR,NON-SCHEDULED,0.98,2999/12/31 00:00:00,,MURRAY1,Snowy Hydro Limited,,2026_08
MURR1-3,VIC1,SNOWY,MURRAY1,GENERATOR,NON-SCHEDULED,0.98,2999/12/31 00:00:00,,MURRAY1,Snowy Hydro Limited,,2026_08
MURR1-4,VIC1,SNOWY,MURRAY1,GENERATOR,NON-SCHEDULED,0.98,2999/12/31 00:00:00,,MURRAY1,Snowy Hydro Limited,,2026_08
MURR1-5,VIC1,SNOWY,MURRAY1,GENERATOR,NON-SCHEDULED,0.98,2999/12/31 00:00:00,,MURRAY1,Snowy Hydro Limited,,2026_08
MURR1-6,VIC1,SNOWY,MURRAY1,GENERATOR,NON-SCHEDULED,0.98,2999/12/31 00:00:00,,MURRAY1,Snowy Hydro Limited,,2026_08
MURR1-7,VIC1,SNOWY,MURRAY1,GENERATOR,NON-SCHEDULED,0.98,2999/12/31 00:00:00,,MURRAY1,Snowy Hydro Limited,,2026_08
MURR1-8,VIC1,SNOWY,MURRAY1,GENERATOR,NON-SCHEDULED,0.98,2999/12/31 00:00:00,,MURRAY1,Snowy Hydro Limited,,2026_08
MURR1-9,VIC1,SNOWY,MURRAY1,GENERATOR,NON-SCHEDULED,0.98,2999/12/31 00:00:00,,MURRAY1,Snowy Hydro Limited,,2026_08
MURR2-1,VIC1,SNOWY,MURRAY2,GENERATOR,NON-SCHEDULED,0.98,2999/12/31 00:00:00,,MURRAY2,Snowy Hydro Limited,,2026_08
MURR2-2,VIC1,SNOWY,MURRAY2,GENERATOR,NON-SCHEDULED,0.98,2999/12/31 00:00:00,,MURRAY2,Snowy Hydro Limited,,2026_08
MURR2-3,VIC1,SNOWY,MURRAY2,GENERATOR,NON-SCHEDULED,0.98,2999/12/31 00:00:00,,MURRAY2,Snowy Hydro Limited,,2026_08
MURR2-4,VIC1,SNOWY,MURRAY2,GENERATOR,NON-SCHEDULED,0.98,2999/12/31 00:00:00,,MURRAY2,Snowy Hydro Limited,,2026_08
NEWENSF2,NSW1,NEWENGSF,NEWENGSF,GENERATOR,SEMI-SCHEDULED,0.8911,2999/12/31 00:00:00,Solar,New England Solar Farm,NESF Pty Ltd As Trustee Of The New England Solar Project Trust,Solar,2026_08
NEWENSF1,NSW1,NEWENGSF,NEWENGSF,GENERATOR,SEMI-SCHEDULED,0.8911,2999/12/31 00:00:00,Solar,New England Solar Farm,NESF Pty Ltd As Trustee Of The New England Solar Project Trust,Solar,2026_08
NEVERSF1,NSW1,NVTSF,NEVERSF,GENERATOR,SEMI-SCHEDULED,0.9273,2999/12/31 00:00:00,Solar,NEVERTIRE SOLAR FARM,Nevertire Solar Pty Ltd As The Trustee For Nevertire Solar Trust,Solar,2026_08
NESBESS2,NSW1,NESBESS,NESBESS,BIDIRECTIONAL,SCHEDULED,0.9197,2999/12/31 00:00:00,Battery Storage,New England BESS,NESF BESS 1 PTY LTD As The Trustee For NESF BESS 1 Trust,Battery,2026_08
NESBESS1,NSW1,NESBESS,NESBESS,BIDIRECTIONAL,SCHEDULED,0.9197,2999/12/31 00:00:00,Battery Storage,New England BESS,NESF BESS 1 PTY LTD As The Trustee For NESF BESS 1 Trust,Battery,2026_08
NBHWF1,SA1,TIPSCO,NBHWF,GENERATOR,SEMI-SCHEDULED,0.9572,2999/12/31 00:00:00,Wind,North Brown Hill Wind Farm,AGL SA Generation Pty Limited,Wind,2026_08
QPSFB1,NSW1,QUORNPSF,QUORNPSH,GENERATOR,SEMI-SCHEDULED,0.9032,2999/12/31 00:00:00,Solar,Quorn Park Solar Hybrid,Quorn Park Solar Hybrid Pty Ltd ATF Quorn Park Solar Hybrid Trust,Solar,2026_08
NASF1,NSW1,DUBBONA,NASF,GENERATOR,NON-SCHEDULED,0.9273,2999/12/31 00:00:00,Solar,Narromine Solar Farm,Dubbo Solar Hub Pty Ltd,Solar,2026_08
MWPS3PV1,SA1,SAWCML,MWPS3,GENERATOR,SEMI-SCHEDULED,0.9741,2999/12/31 00:00:00,Solar,Morgan-Whyalla Pipeline Pumping Station No 3,South Australian Water Corporation,Solar,2026_08
MWPS2PV1,SA1,SAWCML,MWPS2,GENERATOR,SEMI-SCHEDULED,0.9664,2999/12/31 00:00:00,Solar,Morgan-Whyalla Pipeline Pumping Station No 2,South Australian Water Corporation,Solar,2026_08
MWPS1PV1,SA1,SAWCML,MWPS1,GENERATOR,SEMI-SCHEDULED,0.9541,2999/12/31 00:00:00,Solar,Morgan-Whyalla Pipeline Pumping Station No 1,South Australian Water Corporation,Solar,2026_08
MUWAWF2,VIC1,MUWARRA2,MUWAWF2,GENERATOR,SEMI-SCHEDULED,0.8824,2999/12/31 00:00:00,Wind,Murra Warra Wind Farm Stage 2,Murra Warra II Project Co Pty Ltd ATF The Murra Warra II Project Trust,Wind,2026_08
MUWAWF1,VIC1,MWARRA,MUWAWF,GENERATOR,SEMI-SCHEDULED,0.8824,2999/12/31 00:00:00,Wind,Murra Warra Wind Farm,Telstra Energy (Generation) Pty Ltd,Wind,2026_08
STUBSF1,NSW1,STUBB1SF,STUBBSF1,GENERATOR,SEMI-SCHEDULED,0.9427,2999/12/31 00:00:00,Solar,Stubbo Solar Farm 1,Stubbo 1 Pty Ltd As The Trustee For Stubbo 1 Solar Project Trust,Solar,2026_08
MWPS4PV1,SA1,SAWCML,MWPS4,GENERATOR,SEMI-SCHEDULED,0.9773,2999/12/31 00:00:00,Solar,Morgan-Whyalla Pipeline Pumping Station No 4,South Australian Water Corporation,Solar,2026_08
QPSFB2,NSW1,QUORNPSF,QUORNPSH,BIDIRECTIONAL,SCHEDULED,0.9032,2999/12/31 00:00:00,Battery Storage,Quorn Park Solar Hybrid,Quorn Park Solar Hybrid Pty Ltd ATF Quorn Park Solar Hybrid Trust,Battery,2026_08
MURRAY,VIC1,SNOWY,MURRAY,GENERATOR,SCHEDULED,0.9565,2999/12/31 00:00:00,Hydro,Murray Power Station,Snowy Hydro Limited,Hydro,2026_08
RANGEB1,VIC1,RANGBESS,RANGBESS,BIDIRECTIONAL,SCHEDULED,0.9957,2999/12/31 00:00:00,Battery Storage,Rangebank BESS,Shell Energy Retail Pty Ltd,Battery,2026_08
RUGBYR1,QLD1,NEWGEN,RUGBYR,GENERATOR,SEMI-SCHEDULED,0.8932,2999/12/31 00:00:00,Solar,Rugby Run Solar Farm,Braemar Power Project Pty Ltd,Solar,2026_08
RYANCWF1,VIC1,RYAN,RYANCWF,GENERATOR,SEMI-SCHEDULED,0.983,2999/12/31 00:00:00,Wind,Ryan Corner Wind Farm,Ryan Corner Development Pty Ltd,Wind,2026_08
RYEPARK1,NSW1,RYEPARK,RYEPARK,GENERATOR,SEMI-SCHEDULED,0.9618,2999/12/31 00:00:00,Wind,Rye Park Renewable Energy,Rye Park Renewable Energy Pty Ltd ATF Rye Park Wind Farm Trust,Wind,2026_08
SALTCRK1,VIC1,SALTCRK,SALTCRK,GENERATOR,SEMI-SCHEDULED,0.9499,2999/12/31 00:00:00,Wind,Salt Creek Wind Farm,Salt Creek Wind Farm Pty Ltd,Wind,2026_08
SAPHWF1,NSW1,SAPHWF1,SAPHWF1,GENERATOR,SEMI-SCHEDULED,0.8661,2999/12/31 00:00:00,Wind,Sapphire Wind Farm,The Trustee For The SWF1 Operations Trust,Wind,2026_08
SEBSF1,NSW1,SEBSF,SEBSF,GENERATOR,SEMI-SCHEDULED,0.8865,2999/12/31 00:00:00,Solar,Sebastopol Solar Farm,Sebastopol Asset Co Pty Ltd As Trustee For The Sebastopol Asset Trust,Solar,2026_08
SHGEN,NSW1,BORAL,SHOALHAV,GENERATOR,SCHEDULED,0.9842,2999/12/31 00:00:00,Hydro,Shoalhaven Power Station (Bendeela And Kangaroo Valley Power Station And Pumps),Origin Energy Electricity Limited,Hydro,2026_08
SHOAL1,NSW1,SHOAL,SHOALC,GENERATOR,NON-SCHEDULED,0.994,2999/12/31 00:00:00,Natural Gas (Pipeline),Shoalhaven Starches Cogeneration Plant,Shoalhaven Starches Pty Ltd,Gas,2026_08
SHPUMP,NSW1,BORAL,SHOALHAV,LOAD,SCHEDULED,0.9892,2999/12/31 00:00:00,,Shoalhaven Power Station (Bendeela And Kangaroo Valley Power Station And Pumps),Origin Energy Electricity Limited,,2026_08
SKSF1,NSW1,DUBBOSK,SKSF,GENERATOR,NON-SCHEDULED,0.9273,2999/12/31 00:00:00,Solar,South Keswick Solar Farm,Dubbo Solar Hub Pty Ltd,Solar,2026_08
SMCSF1,QLD1,SMCTSV,SMCSF,GENERATOR,SEMI-SCHEDULED,1.0179,2999/12/31 00:00:00,Solar,Sun Metals Solar Farm,Sun Metals Corporation Pty Ltd,Solar,2026_08
SMTHBES1,NSW1,SMTHBESS,SMTHBESS,BIDIRECTIONAL,SCHEDULED,1.0019,2999/12/31 00:00:00,Battery Storage,Smithfield Battery Energy Storage System,Smithfield BESS Pty Limited,Battery,2026_08
SNAPPER1,SA1,PORTADL,SNAPPER,GENERATOR,SCHEDULED,0.9999,2999/12/31 00:00:00,Diesel oil,Snapper Point Power Station,Port Adelaide Energy Pty Ltd,Diesel,2026_08
SNOWNTH1,SA1,SNOWNTH,SNOWNTH,GENERATOR,SEMI-SCHEDULED,0.9699,2999/12/31 00:00:00,Wind,Snowtown Wind Farm Stage 2 North,Snowtown Wind Farm Stage 2 Pty Ltd,Wind,2026_08
SNOWSTH1,SA1,SNOWSTH,SNOWSTH,GENERATOR,SEMI-SCHEDULED,0.9699,2999/12/31 00:00:00,Wind,Snowtown South Wind Farm,Snowtown Wind Farm Stage 2 Pty Ltd,Wind,2026_08
SNOWTWN1,SA1,SNOWTOWN,SNOWTOWN,GENERATOR,SEMI-SCHEDULED,0.9132,2999/12/31 00:00:00,Wind,Snowtown Wind Farm Units 1 And 47,Snowtown Wind Farm Pty Ltd,Wind,2026_08
SNOWYP,NSW1,SNOWY,SNOWY,LOAD,SCHEDULED,0.9536,2999/12/31 00:00:00,,Tumut 3 Pumps,Snowy Hydro Limited,,2026_08
RACOMIL1,QLD1,MACKAYS,RACOMIL,GENERATOR,NON-SCHEDULED,0.8765,2999/12/31 00:00:00,Biomass and industrial materials,Racecourse Mill Power Station,Mackay Sugar Limited,Bioenergy,2026_08
STGEORG1,NSW1,RESPONSE,STGEORGE,GENERATOR,NON-SCHEDULED,1.0008,2999/12/31 00:00:00,Diesel oil,St George Leagues Plant,Enel X Australia Pty Ltd,Diesel,2026_08
STARHLWF,SA1,STARFISH,STARFHILL,GENERATOR,SEMI-SCHEDULED,1.0033,2999/12/31 00:00:00,Wind,Starfish Hill Wind Farm,Starfish Hill Wind Farm Pty Ltd,Wind,2026_08
STAPYLTON1,QLD1,LMSENE,STAPYLTON,GENERATOR,NON-SCHEDULED,1.0127,2999/12/31 00:00:00,Landfill biogas methane,Stapylton Renewable Energy Facility,LMS Energy Pty Ltd,Bioenergy,2026_08
STANNL1,QLD1,STANWELL,STANWELL,GENERATOR,NON-SCHEDULED,0.9204,2999/12/31 00:00:00,Black coal,STANWELL POWER STATION,Stanwell Corporation Limited,Black Coal,2026_08
STAN-4,QLD1,STANWELL,STANWELL,GENERATOR,SCHEDULED,0.9154,2999/12/31 00:00:00,Black coal,STANWELL POWER STATION,Stanwell Corporation Limited,Black Coal,2026_08
RUBICON,VIC1,SOUTHHYD,RUBICON,GENERATOR,NON-SCHEDULED,0.9978,2999/12/31 00:00:00,Hydro,Rubicon Mountain Streams Station,AGL Hydro Partnership,Hydro,2026_08
STAN-3,QLD1,STANWELL,STANWELL,GENERATOR,SCHEDULED,0.9154,2999/12/31 00:00:00,Black coal,STANWELL POWER STATION,Stanwell Corporation Limited,Black Coal,2026_08
STAN-1,QLD1,STANWELL,STANWELL,GENERATOR,SCHEDULED,0.9154,2999/12/31 00:00:00,Black coal,STANWELL POWER STATION,Stanwell Corporation Limited,Black Coal,2026_08
STABESS1,QLD1,STANWELL,STABESS,BIDIRECTIONAL,SCHEDULED,0.9159,2999/12/31 00:00:00,Battery Storage,Stanwell Battery Energy Storage System,Stanwell Corporation Limited,Battery,2026_08
SNUGNL1,SA1,PEAKCO,SNUG,GENERATOR,NON-SCHEDULED,0.9934,2999/12/31 00:00:00,Diesel oil,SNUGGERY POWER STATION,Synergen Power Pty Limited,Diesel,2026_08
SNUG3,SA1,PEAKCO,SNUG,GENERATOR,NON-SCHEDULED,0.9579,2999/12/31 00:00:00,,SNUGGERY POWER STATION,Synergen Power Pty Limited,,2026_08
SNUG2,SA1,PEAKCO,SNUG,GENERATOR,NON-SCHEDULED,0.9579,2999/12/31 00:00:00,,SNUGGERY POWER STATION,Synergen Power Pty Limited,,2026_08
SNUG1,SA1,PEAKCO,SNUG,GENERATOR,SCHEDULED,0.9902,2999/12/31 00:00:00,Diesel oil,SNUGGERY POWER STATION,Synergen Power Pty Limited,Diesel,2026_08
STAN-2,QLD1,STANWELL,STANWELL,GENERATOR,SCHEDULED,0.9154,2999/12/31 00:00:00,Black coal,STANWELL POWER STATION,Stanwell Corporation Limited,Black Coal,2026_08
RT_VIC9,VIC1,NEMRESTR,RT_VIC1,LOAD,SCHEDULED,1,2999/12/31 00:00:00,,RESERVE TRADER VIC1,AEMO Reserve Trader,,2026_08
SNOWYGJP,VIC1,SNOWY,SNWYGJP2,GENERATOR,NON-SCHEDULED,1.0587,2999/12/31 00:00:00,Hydro,Jindabyne Pump At Guthega,Snowy Hydro Limited,Hydro,2026_08
RT_VIC7,VIC1,NEMRESTR,RT_VIC1,LOAD,SCHEDULED,1,2999/12/31 00:00:00,,RESERVE TRADER VIC1,AEMO Reserve Trader,,2026_08
RT_VIC8,VIC1,NEMRESTR,RT_VIC1,LOAD,SCHEDULED,1,2999/12/31 00:00:00,,RESERVE TRADER VIC1,AEMO Reserve Trader,,2026_08
REECE2,TAS1,HYDROTAS,REECE,GENERATOR,SCHEDULED,0.946,2999/12/31 00:00:00,Hydro,Reece Power Station,Hydro-Electric Corporation,Hydro,2026_08
REPULSE,TAS1,HYDROTAS,REPULSE,GENERATOR,NON-SCHEDULED,1.0055,2999/12/31 00:00:00,Hydro,Repulse Power Station,Hydro-Electric Corporation,Hydro,2026_08
RESS1,NSW1,RIVEBESS,RESS1,BIDIRECTIONAL,SCHEDULED,0.9008,2999/12/31 00:00:00,Battery Storage,Riverina BESS 1,Shell Energy Retail Pty Ltd,Battery,2026_08
RIVNB2,NSW1,DPNTBESS,RESS2,BIDIRECTIONAL,SCHEDULED,0.9102,2999/12/31 00:00:00,Battery Storage,Riverina Energy Storage System 2,EnergyAustralia Pty Ltd,Battery,2026_08
ROWALLAN,TAS1,HYDROTAS,ROWALLAN,GENERATOR,NON-SCHEDULED,0.9796,2999/12/31 00:00:00,Hydro,Rowallan Power Station,Hydro-Electric Corporation,Hydro,2026_08
ROYALLA1,NSW1,FRVROYAL,ROYALLA,GENERATOR,NON-SCHEDULED,0.9695,2999/12/31 00:00:00,Solar,Royalla Solar Farm,Royalla Solar 2 Pty Ltd,Solar,2026_08
RRSF1,QLD1,ROSSRVER,RRSF,GENERATOR,SEMI-SCHEDULED,0.8832,2999/12/31 00:00:00,Solar,Ross River Solar Farm,Ross River Operations Pty Ltd As The Trustee For The Ross River Operations Trust,Solar,2026_08
RT_NSW1,NSW1,NEMRESTR,RT_NSW1,LOAD,SCHEDULED,1,2999/12/31 00:00:00,,RESERVE TRADER NSW1,AEMO Reserve Trader,,2026_08
RT_NSW2,NSW1,NEMRESTR,RT_NSW1,LOAD,SCHEDULED,1,2999/12/31 00:00:00,,RESERVE TRADER NSW1,AEMO Reserve Trader,,2026_08
RT_NSW3,NSW1,NEMRESTR,RT_NSW1,LOAD,SCHEDULED,1,2999/12/31 00:00:00,,RESERVE TRADER NSW1,AEMO Reserve Trader,,2026_08
RT_NSW4,NSW1,NEMRESTR,RT_NSW1,LOAD,SCHEDULED,1,2999/12/31 00:00:00,,RESERVE TRADER NSW1,AEMO Reserve Trader,,2026_08
RT_NSW5,NSW1,NEMRESTR,RT_NSW1,LOAD,SCHEDULED,1,2999/12/31 00:00:00,,RESERVE TRADER NSW1,AEMO Reserve Trader,,2026_08
RT_NSW6,NSW1,NEMRESTR,RT_NSW1,LOAD,SCHEDULED,1,2999/12/31 00:00:00,,RESERVE TRADER NSW1,AEMO Reserve Trader,,2026_08
REECE1,TAS1,HYDROTAS,REECE,GENERATOR,SCHEDULED,0.9493,2999/12/31 00:00:00,Hydro,Reece Power Station,Hydro-Electric Corporation,Hydro,2026_08
RT_QLD1,QLD1,NEMRESTR,RT_QLD1,LOAD,SCHEDULED,1,2999/12/31 00:00:00,,RESERVE TRADER QLD1,AEMO Reserve Trader,,2026_08
RT_SA2,SA1,NEMRESTR,RT_SA1,LOAD,SCHEDULED,1,2999/12/31 00:00:00,,RESERVE TRADER SA1,AEMO Reserve Trader,,2026_08
RT_VIC6,VIC1,NEMRESTR,RT_VIC1,LOAD,SCHEDULED,1,2999/12/31 00:00:00,,RESERVE TRADER VIC1,AEMO Reserve Trader,,2026_08
RT_VIC5,VIC1,NEMRESTR,RT_VIC1,LOAD,SCHEDULED,1,2999/12/31 00:00:00,,RESERVE TRADER VIC1,AEMO Reserve Trader,,2026_08
RT_VIC4,VIC1,NEMRESTR,RT_VIC1,LOAD,SCHEDULED,1,2999/12/31 00:00:00,,RESERVE TRADER VIC1,AEMO Reserve Trader,,2026_08
RT_VIC3,VIC1,NEMRESTR,RT_VIC1,LOAD,SCHEDULED,1,2999/12/31 00:00:00,,RESERVE TRADER VIC1,AEMO Reserve Trader,,2026_08
RT_VIC2,VIC1,NEMRESTR,RT_VIC1,LOAD,SCHEDULED,1,2999/12/31 00:00:00,,RESERVE TRADER VIC1,AEMO Reserve Trader,,2026_08
RT_SA1,SA1,NEMRESTR,RT_SA1,LOAD,SCHEDULED,1,2999/12/31 00:00:00,,RESERVE TRADER SA1,AEMO Reserve Trader,,2026_08
RT_VIC11,VIC1,NEMRESTR,RT_VIC1,LOAD,SCHEDULED,1,2999/12/31 00:00:00,,RESERVE TRADER VIC1,AEMO Reserve Trader,,2026_08
RT_VIC12,VIC1,NEMRESTR,RT_VIC1,LOAD,SCHEDULED,1,2999/12/31 00:00:00,,RESERVE TRADER VIC1,AEMO Reserve Trader,,2026_08
RT_VIC1,VIC1,NEMRESTR,RT_VIC1,LOAD,SCHEDULED,1,2999/12/31 00:00:00,,RESERVE TRADER VIC1,AEMO Reserve Trader,,2026_08
RT_TAS1,TAS1,NEMRESTR,RT_TAS1,LOAD,SCHEDULED,1,2999/12/31 00:00:00,,RESERVE TRADER TAS1,AEMO Reserve Trader,,2026_08
RT_SA6,SA1,NEMRESTR,RT_SA1,LOAD,SCHEDULED,1,2999/12/31 00:00:00,,RESERVE TRADER SA1,AEMO Reserve Trader,,2026_08
RT_SA5,SA1,NEMRESTR,RT_SA1,LOAD,SCHEDULED,1,2999/12/31 00:00:00,,RESERVE TRADER SA1,AEMO Reserve Trader,,2026_08
RT_SA4,SA1,NEMRESTR,RT_SA1,LOAD,SCHEDULED,1,2999/12/31 00:00:00,,RESERVE TRADER SA1,AEMO Reserve Trader,,2026_08
RT_SA3,SA1,NEMRESTR,RT_SA1,LOAD,SCHEDULED,1,2999/12/31 00:00:00,,RESERVE TRADER SA1,AEMO Reserve Trader,,2026_08
RT_VIC10,VIC1,NEMRESTR,RT_VIC1,LOAD,SCHEDULED,1,2999/12/31 00:00:00,,RESERVE TRADER VIC1,AEMO Reserve Trader,,2026_08
VPNL1,NSW1,DELTA,VP,GENERATOR,NON-SCHEDULED,0.9863,2999/12/31 00:00:00,Black coal,"Vales Point ""B"" Power Station",Delta Power & Energy (Vales Point) Pty Ltd,Black Coal,2026_08
VP6,NSW1,DELTA,VP,GENERATOR,SCHEDULED,0.9863,2999/12/31 00:00:00,Black coal,"Vales Point ""B"" Power Station",Delta Power & Energy (Vales Point) Pty Ltd,Black Coal,2026_08
MPNL1,NSW1,TRUDW,MP,GENERATOR,NON-SCHEDULED,0.971,2999/12/31 00:00:00,Black coal,MT PIPER POWER STATION,EnergyAustralia Pty Ltd,Black Coal,2026_08
VP5,NSW1,DELTA,VP,GENERATOR,SCHEDULED,0.9863,2999/12/31 00:00:00,Black coal,"Vales Point ""B"" Power Station",Delta Power & Energy (Vales Point) Pty Ltd,Black Coal,2026_08
MP2,NSW1,TRUDW,MP,GENERATOR,SCHEDULED,0.971,2999/12/31 00:00:00,Black coal,MT PIPER POWER STATION,EnergyAustralia Pty Ltd,Black Coal,2026_08
CG2,NSW1,SNOWY,COLONGRA,GENERATOR,SCHEDULED,0.9792,2999/12/31 00:00:00,Natural Gas (Pipeline),Colongra Power Station,Snowy Hydro Limited,Gas,2026_08
CONDONG1,NSW1,CAPEBYRN,CONDONG1,GENERATOR,NON-SCHEDULED,0.8761,2999/12/31 00:00:00,Bagasse,Condong Power Station,Cape Byron Management Pty Ltd,Bioenergy,2026_08
CG4,NSW1,SNOWY,COLONGRA,GENERATOR,SCHEDULED,0.9792,2999/12/31 00:00:00,Natural Gas (Pipeline),Colongra Power Station,Snowy Hydro Limited,Gas,2026_08
CG3,NSW1,SNOWY,COLONGRA,GENERATOR,SCHEDULED,0.9792,2999/12/31 00:00:00,Natural Gas (Pipeline),Colongra Power Station,Snowy Hydro Limited,Gas,2026_08
CG1,NSW1,SNOWY,COLONGRA,GENERATOR,SCHEDULED,0.9792,2999/12/31 00:00:00,Natural Gas (Pipeline),Colongra Power Station,Snowy Hydro Limited,Gas,2026_08
BWTR1,NSW1,CAPEBYRN,BWTR1,GENERATOR,NON-SCHEDULED,0.9485,2999/12/31 00:00:00,Bagasse,Broadwater Power Station,Cape Byron Management Pty Ltd,Bioenergy,2026_08
MP1,NSW1,TRUDW,MP,GENERATOR,SCHEDULED,0.971,2999/12/31 00:00:00,Black coal,MT PIPER POWER STATION,EnergyAustralia Pty Ltd,Black Coal,2026_08
DRXNFF01,NSW1,ENOCMASP,DRXNFF01,LOAD,SCHEDULED,1,2999/12/31 00:00:00,,DR ENELX N37,Enel X Australia Pty Ltd,,2026_08
DRXNFS01,NSW1,ENOCMASP,DRXNFS01,LOAD,SCHEDULED,1,2999/12/31 00:00:00,,DR ENELX N40,Enel X Australia Pty Ltd,,2026_08
DRXNQX01,NSW1,ENOCMASP,DRXNQX01,LOAD,SCHEDULED,1,2999/12/31 00:00:00,,DR ENELX N36,Enel X Australia Pty Ltd,,2026_08
DRXNSS01,NSW1,ENOCMASP,DRXNSS01,LOAD,SCHEDULED,1,2999/12/31 00:00:00,,DRXNSS01,Enel X Australia Pty Ltd,,2026_08
YABULU,QLD1,RATCHTOW,YABULU,GENERATOR,SCHEDULED,0.9819,2999/12/31 00:00:00,Natural Gas (Pipeline),Townsville Gas Turbine,RATCH-Australia Townsville Pty Ltd,Gas,2026_08
MIDDLSF1,QLD1,CAPRISF,MIDDLESF,GENERATOR,SEMI-SCHEDULED,0.8854,2999/12/31 00:00:00,Solar,Middlemount Solar Farm,Capricorn SF No1 Pty Ltd,Solar,2026_08
MORANBAH,QLD1,MORANBAH,MORANBAH,GENERATOR,NON-SCHEDULED,0.9796,2999/12/31 00:00:00,Coal seam methane,Moranbah Generation Project,Moranbah Power Station No1 Pty Ltd (Administrators Appointed),Gas,2026_08
ROMA_7,QLD1,BORAL,ROMA,GENERATOR,SCHEDULED,0.9776,2999/12/31 00:00:00,Natural Gas (Pipeline),Roma Gas Turbine Station,Origin Energy Electricity Limited,Gas,2026_08
ROMA_8,QLD1,BORAL,ROMA,GENERATOR,SCHEDULED,0.9776,2999/12/31 00:00:00,Natural Gas (Pipeline),Roma Gas Turbine Station,Origin Energy Electricity Limited,Gas,2026_08
SRSF1,QLD1,SRSF1,SRSF,GENERATOR,SEMI-SCHEDULED,0.9523,2999/12/31 00:00:00,Solar,Susan River Solar Farm,Susan River Solar Pty Ltd As Trustee For Susan River Solar Trust,Solar,2026_08
RPCG,QLD1,WHECKSON,RPCG,GENERATOR,NON-SCHEDULED,1.0127,2999/12/31 00:00:00,Biomass and industrial materials,Rocky Point Cogeneration Plant,W.H. Heck & Sons Proprietary Limited,Bioenergy,2026_08
SITHE01,NSW1,SITHE,SITHE,GENERATOR,SCHEDULED,1.0015,2999/12/31 00:00:00,Natural Gas (Pipeline),SMITHFIELD ENERGY FACILITY,Smithfield Power Generation Pty Ltd,Gas,2026_08
MARYRSF1,QLD1,DIAMDGEN,MARYRSF,GENERATOR,SEMI-SCHEDULED,0.987,2999/12/31 00:00:00,Solar,Maryrorough Solar Farm,Diamond Energy Pty Ltd,Solar,2026_08
TABMILL2,QLD1,TBLANDGP,TABMILL2,GENERATOR,NON-SCHEDULED,1.013,2999/12/31 00:00:00,Biomass and industrial materials,Tableland Mill Unit 2,MP Tableland Green Power Pty Ltd,Bioenergy,2026_08
WARWSF1,QLD1,UNIQLDSF,WARWSF1,GENERATOR,SEMI-SCHEDULED,0.987,2999/12/31 00:00:00,Solar,WARWICK SOLAR FARM 1,The University Of Queensland,Solar,2026_08
TALWB1,NSW1,TALL,TALLAWAR,GENERATOR,SCHEDULED,0.9908,2999/12/31 00:00:00,Natural Gas (Pipeline),Tallawarra Power Station,EnergyAustralia Pty Ltd,Gas,2026_08
TITREE,QLD1,VESTTGEN,TITREE,GENERATOR,NON-SCHEDULED,1.0018,2999/12/31 00:00:00,Landfill biogas methane,Veolia Ti Tree Bio Reactor,Veolia Environmental Services (Australia) Pty Ltd,Bioenergy,2026_08
TOWER,NSW1,EDLGRPOP,TOWER,GENERATOR,NON-SCHEDULED,0.9998,2999/12/31 00:00:00,Coal seam methane,Tower Power Plant,EDL Group Operations Pty Ltd,Gas,2026_08
WARWSF2,QLD1,UNIQLDSF,WARWSF2,GENERATOR,SEMI-SCHEDULED,0.987,2999/12/31 00:00:00,Solar,WARWICK SOLAR FARM 2,The University Of Queensland,Solar,2026_08
WHILL1,QLD1,WHILL1,WINDHILL,GENERATOR,NON-SCHEDULED,1.013,2999/12/31 00:00:00,Wind,Windy Hill Wind Farm,Windy Hill Wind Farm Pty Ltd,Wind,2026_08
YABULU2,QLD1,RATCHTOW,YABULU,GENERATOR,SCHEDULED,0.9173,2999/12/31 00:00:00,Natural Gas (Pipeline),Townsville Gas Turbine,RATCH-Australia Townsville Pty Ltd,Gas,2026_08
YARANSF1,QLD1,YARRANSF,YARANSF,GENERATOR,SEMI-SCHEDULED,0.987,2999/12/31 00:00:00,Solar,Yarranlea Solar Farm,Yarranlea Solar Pty Ltd,Solar,2026_08
KSP1,QLD1,DIAMDGEN,KSP1,GENERATOR,SEMI-SCHEDULED,0.8832,2999/12/31 00:00:00,Solar,Kidston Solar Project,Diamond Energy Pty Ltd,Solar,2026_08
TALWA1,NSW1,TALL,TALLAWAR,GENERATOR,SCHEDULED,0.9925,2999/12/31 00:00:00,Natural Gas (Pipeline),Tallawarra Power Station,EnergyAustralia Pty Ltd,Gas,2026_08
KINGASF1,QLD1,KINGARSF,KINGASF,GENERATOR,SEMI-SCHEDULED,0.9791,2999/12/31 00:00:00,Solar,Kingaroy Solar Farm,Kingaroy Propertyco Pty Ltd As Trustee For Kingaroy Property Trust,Solar,2026_08
ADPBA1,SA1,SAWCML,ADP,BIDIRECTIONAL,SCHEDULED,1.0033,2999/12/31 00:00:00,Battery Storage,Adelaide Desalination Plant,South Australian Water Corporation,Battery,2026_08
KEPSF1,QLD1,KENNEDYE,KEP,GENERATOR,SEMI-SCHEDULED,0.9574,2999/12/31 00:00:00,Solar,Kennedy Energy Park,Kennedy Energy Park Pty Ltd,Solar,2026_08
APPIN,NSW1,EDLGRPOP,APPIN,GENERATOR,NON-SCHEDULED,0.9948,2999/12/31 00:00:00,Coal seam methane,Appin Power Plant,EDL Group Operations Pty Ltd,Gas,2026_08
ADPMH1,SA1,SAWCML,ADP,GENERATOR,NON-SCHEDULED,1.0033,2999/12/31 00:00:00,Hydro,Adelaide Desalination Plant,South Australian Water Corporation,Hydro,2026_08
ADPPV1,SA1,SAWCML,ADP,GENERATOR,SEMI-SCHEDULED,1.0033,2999/12/31 00:00:00,Solar,Adelaide Desalination Plant,South Australian Water Corporation,Solar,2026_08
ADPPV2,SA1,SAWCML,ADP,GENERATOR,NON-SCHEDULED,1.0033,2999/12/31 00:00:00,Solar,Adelaide Desalination Plant,South Australian Water Corporation,Solar,2026_08
KEPWF1,QLD1,KENNEDYE,KEP,GENERATOR,SEMI-SCHEDULED,0.9574,2999/12/31 00:00:00,Wind,Kennedy Energy Park,Kennedy Energy Park Pty Ltd,Wind,2026_08
BAKING1,QLD1,BIPCHIN,BAKING,GENERATOR,NON-SCHEDULED,0.9472,2999/12/31 00:00:00,Solar,Baking Board Solar Farm,Birdwood Trading Pty Ltd,Solar,2026_08
BARCALDN,QLD1,EEQGEN,BARCALDN,GENERATOR,SCHEDULED,0.9648,2999/12/31 00:00:00,Natural Gas (Pipeline),Barcaldine Power Station,Ergon Energy Queensland Pty Ltd,Gas,2026_08
BOLIVAR1,SA1,SAWCML,BOLIVAR,GENERATOR,NON-SCHEDULED,1.0002,2999/12/31 00:00:00,Other Biofuels,Bolivar Waste Water Treatment Plant,South Australian Water Corporation,Bioenergy,2026_08
BOWWBA1,SA1,SAWCML,BOLIVAR,BIDIRECTIONAL,SCHEDULED,1.0002,2999/12/31 00:00:00,Battery Storage,Bolivar Waste Water Treatment Plant,South Australian Water Corporation,Battery,2026_08
BOWWDG1,SA1,SAWCML,BOLIVAR,GENERATOR,NON-SCHEDULED,1.0002,2999/12/31 00:00:00,Diesel oil,Bolivar Waste Water Treatment Plant,South Australian Water Corporation,Diesel,2026_08
ADPPV3,SA1,SAWCML,ADP,GENERATOR,NON-SCHEDULED,1.0033,2999/12/31 00:00:00,Solar,Adelaide Desalination Plant,South Australian Water Corporation,Solar,2026_08
CHILDSF1,QLD1,CSF1,CHILDSF,GENERATOR,SEMI-SCHEDULED,0.9523,2999/12/31 00:00:00,Solar,Childers Solar Farm,Childers Solar Pty Ltd ATF The Childers Solar Trust,Solar,2026_08
CLERMSF1,QLD1,CLERMSF,CLERMSF,GENERATOR,SEMI-SCHEDULED,0.8878,2999/12/31 00:00:00,Solar,Clermont Solar Farm,Clermont Asset Co Pty Ltd ATF Clermont Solar Unit Trust,Solar,2026_08
CSPVPS1,QLD1,NEWGEN,CSPVPS,GENERATOR,SEMI-SCHEDULED,0.8731,2999/12/31 00:00:00,Solar,Collinsville Solar PV Power Station,Braemar Power Project Pty Ltd,Solar,2026_08
DULAWF1,QLD1,DULACCA,DULAWF1,GENERATOR,SEMI-SCHEDULED,0.987,2999/12/31 00:00:00,Wind,Dulacca Wind Farm,Dulacca Energy Project Co Pty Ltd,Wind,2026_08
EMERASF1,QLD1,TELSTRAE,EMERASF,GENERATOR,SEMI-SCHEDULED,0.8854,2999/12/31 00:00:00,Solar,Emerald Solar Park,Telstra Energy (Generation) Pty Ltd,Solar,2026_08
HVWWBA1,SA1,SAWCML,HVWW,BIDIRECTIONAL,SCHEDULED,1.0022,2999/12/31 00:00:00,Battery Storage,Happy Valley WTP,South Australian Water Corporation,Battery,2026_08
HVWWPV1,SA1,SAWCML,HVWW,GENERATOR,SEMI-SCHEDULED,1.0022,2999/12/31 00:00:00,Solar,Happy Valley WTP,South Australian Water Corporation,Solar,2026_08
ICSM,QLD1,AGLAM,ICSM,GENERATOR,NON-SCHEDULED,0.9852,2999/12/31 00:00:00,Bagasse,ISIS Central Sugar Mill Co-generation Plant,AGL Australia Markets Pty Limited,Bioenergy,2026_08
KEPBG1,QLD1,KENNEDYE,KEP,GENERATOR,NON-SCHEDULED,0.9574,2999/12/31 00:00:00,Battery Storage,Kennedy Energy Park,Kennedy Energy Park Pty Ltd,Battery,2026_08
BOWWPV1,SA1,SAWCML,BOLIVAR,GENERATOR,SEMI-SCHEDULED,1.0002,2999/12/31 00:00:00,Solar,Bolivar Waste Water Treatment Plant,South Australian Water Corporation,Solar,2026_08
PLBESS1,VIC1,PLBESS1,PLBESS1,BIDIRECTIONAL,SCHEDULED,0.9601,2999/12/31 00:00:00,Battery Storage,Pine Lodge BESS,Energy Storage Project No 6 PL ATF Energy Storage Project No 6 Unit Trust,Battery,2026_08
CROWLWF1,VIC1,CROWLDWF,CROWLWF,GENERATOR,SEMI-SCHEDULED,0.8966,2999/12/31 00:00:00,Wind,Crowlands Wind Farm,Pacific Hydro Crowlands Pty Ltd,Wind,2026_08
AS_NSW1,NSW1,TRANSGP,AS_NSW1,LOAD,NON-SCHEDULED,1,2999/12/31 00:00:00,,Station ID - Dummy (NSCAS),NSW Electricity Networks Ops P/L ATF NSW Electricity Networks Operations Trust,,2026_08
GB01,NSW1,TRANSGBH,BHILLGT,GENERATOR,NON-SCHEDULED,0.9505,2999/12/31 00:00:00,Natural Gas (Pipeline),Broken Hill Gas Turbines,NSW Electricity Networks Ops P/L ATF NSW Electricity Networks Operations Trust,Gas,2026_08
MUSSELR1,TAS1,WOOLNWF,MUSSELRO,GENERATOR,SEMI-SCHEDULED,0.9188,2999/12/31 00:00:00,Wind,Musselroe Wind Farm,Woolnorth Wind Farm Holding Pty Ltd,Wind,2026_08
ORABESS1,NSW1,ORANBESS,ORABESS,BIDIRECTIONAL,SCHEDULED,0.955,2999/12/31 00:00:00,Battery Storage,ORANA BESS,Orana ProjectCo Pty Ltd As Trustee For Orana Project Trust,Battery,2026_08
TBSF1,SA1,TBSF,TBSF,GENERATOR,SEMI-SCHEDULED,0.9978,2999/12/31 00:00:00,Solar,Tailem Bend Solar Project 1,Tailem Bend Solar Operating Pty Ltd ATF Tailem Bend Solar Operating Trust,Solar,2026_08
WOOLNTH1,TAS1,WOOLNWF,WOOLNTH1,GENERATOR,NON-SCHEDULED,0.9371,2999/12/31 00:00:00,Wind,Woolnorth Studland Bay / Bluff Point Wind Farm,Woolnorth Wind Farm Holding Pty Ltd,Wind,2026_08
CLAYTON,VIC1,EDLLFGV,CLAYTON,GENERATOR,NON-SCHEDULED,0.9982,2999/12/31 00:00:00,Landfill biogas methane,Clayton Landfill Gas Power Station,EDL LFG (Vic) Pty Ltd,Bioenergy,2026_08
LDBESS1,NSW1,AGLLBESS,LDBESS,BIDIRECTIONAL,SCHEDULED,0.9675,2999/12/31 00:00:00,Battery Storage,Liddell Battery Energy Storage System,AGL Liddell BESS Pty Ltd,Battery,2026_08
MLB01,VIC1,OEBESS,MLBESS,BIDIRECTIONAL,SCHEDULED,0.994,2999/12/31 00:00:00,Battery Storage,Mortlake Battery Energy Storage System,Origin Energy Electricity Limited,Battery,2026_08
ERB01,NSW1,OEBESS,ERBESS,BIDIRECTIONAL,SCHEDULED,0.9903,2999/12/31 00:00:00,Battery Storage,Eraring Battery Energy Storage System,Origin Energy Electricity Limited,Battery,2026_08
ERB02,NSW1,OEBESS,ERBESS2,BIDIRECTIONAL,SCHEDULED,0.9889,2999/12/31 00:00:00,Battery Storage,Eraring Battery Energy Storage System 2,Origin Energy Electricity Limited,Battery,2026_08
EASTCRK2,NSW1,LMSENE,EASTCRK2,GENERATOR,NON-SCHEDULED,1.0016,2999/12/31 00:00:00,Landfill biogas methane,Eastern Creek 2 Gas Utilisation Facility,LMS Energy Pty Ltd,Bioenergy,2026_08
LONGFORD,VIC1,BORAL,LONGFORD,GENERATOR,NON-SCHEDULED,0.992,2999/12/31 00:00:00,Natural Gas (Pipeline),LONGFORD PLANT,Origin Energy Electricity Limited,Gas,2026_08
DRXNAE01,NSW1,ENOCMASP,DRXNAE01,LOAD,SCHEDULED,1,2999/12/31 00:00:00,,DR ENELX N83,Enel X Australia Pty Ltd,,2026_08
ASDEVI01,VIC1,DIAMOND,ASDEVI01,LOAD,NON-SCHEDULED,1,2999/12/31 00:00:00,,AS DIAMD01 V SL1,Diamond Energy Pty Ltd,,2026_08
BARCSF1,QLD1,DIAMOND,BARCSF,GENERATOR,NON-SCHEDULED,0.8878,2999/12/31 00:00:00,Solar,Barcaldine Solar Farm,Diamond Energy Pty Ltd,Solar,2026_08
LRSF1,QLD1,DIAMOND,LRSF,GENERATOR,NON-SCHEDULED,0.8878,2999/12/31 00:00:00,Solar,Longreach Solar Farm,Diamond Energy Pty Ltd,Solar,2026_08
VALDORA1,QLD1,DIAMOND,VALDORA,GENERATOR,NON-SCHEDULED,1.0132,2999/12/31 00:00:00,Solar,SCSF,Diamond Energy Pty Ltd,Solar,2026_08
DRXQQE01,QLD1,ENOCMASP,DRXQQE01,LOAD,SCHEDULED,1,2999/12/31 00:00:00,,DR ENELX Q54,Enel X Australia Pty Ltd,,2026_08
TRGBESS1,VIC1,TRGBESS,TRGBESS,BIDIRECTIONAL,SCHEDULED,0.9862,2999/12/31 00:00:00,Battery Storage,TERANG BESS,Terrang BESS Asset Co Pty Ltd As The Trustee For Terrang BESS Asset Trust,Battery,2026_08
BRDDBES1,QLD1,BBPEM,BSOUNDSF,BIDIRECTIONAL,SCHEDULED,0.9247,2999/12/31 00:00:00,Battery Storage,Broadsound Energy Park,Iberdrola Australia Energy Markets Pty Limited,Battery,2026_08
DRXSQS01,SA1,ENOCMASP,DRXSQS01,LOAD,SCHEDULED,1,2999/12/31 00:00:00,,DR ENELX S2,Enel X Australia Pty Ltd,,2026_08
DRXVAE01,VIC1,ENOCMASP,DRXVAE01,LOAD,SCHEDULED,1,2999/12/31 00:00:00,,DR ENELX V88,Enel X Australia Pty Ltd,,2026_08
MREHA1,VIC1,EQMREHA1,MREHA1,BIDIRECTIONAL,SCHEDULED,0.9951,2999/12/31 00:00:00,Battery Storage,Melbourne Renewable Energy Hub Connection A1,GP Energy (MREH A1) AssetCo P/L ATF GP Energy (MREH A1) Asset Trust,Battery,2026_08
MREHA2,VIC1,EQMREHA2,MREHA2,BIDIRECTIONAL,SCHEDULED,0.9951,2999/12/31 00:00:00,Battery Storage,Melbourne Renewable Energy Hub Connection A2,GP Energy (MREH A2) AssetCo P/L ATF GP Energy (MREH A2) Asset Trust,Battery,2026_08
VSSSH1S1,SA1,SHUBMASP,VSSSH1,LOAD,NON-SCHEDULED,1,2999/12/31 00:00:00,,VPP ShinHub SA 1,Shine Hub Pty. Ltd.,,2026_08
DRSHVS02,SA1,SHUBMASP,DRSHVS02,LOAD,NON-SCHEDULED,1,2999/12/31 00:00:00,,VPP ShinHub DRSHVS02,Shine Hub Pty. Ltd.,,2026_08
DRSHVN01,NSW1,SHUBMASP,DRSHVN01,LOAD,NON-SCHEDULED,1,2999/12/31 00:00:00,,DRSHVN01,Shine Hub Pty. Ltd.,,2026_08
DRSHVQ01,QLD1,SHUBMASP,DRSHVQ01,LOAD,NON-SCHEDULED,1,2999/12/31 00:00:00,,DRSHVQ01,Shine Hub Pty. Ltd.,,2026_08
DRSHVN02,NSW1,SHUBMASP,DRSHVN02,LOAD,NON-SCHEDULED,1,2999/12/31 00:00:00,,DRSHVN02,Shine Hub Pty. Ltd.,,2026_08
DRSHVS01,SA1,SHUBMASP,DRSHVS01,LOAD,NON-SCHEDULED,1,2999/12/31 00:00:00,,DRSHVS01,Shine Hub Pty. Ltd.,,2026_08
JEMALNG1,NSW1,DIAMDGEN,JEMALNG,GENERATOR,SEMI-SCHEDULED,0.8962,2999/12/31 00:00:00,Solar,Jemalong Solar Project,Diamond Energy Pty Ltd,Solar,2026_08
TB3B1,SA1,TBBESS,TB3BESS,BIDIRECTIONAL,SCHEDULED,1.0036,2999/12/31 00:00:00,Battery Storage,Tailem Bend 3 BESS,Tailem Bend III Project Company Pty Ltd ATF Tailem Bend III Project Trust,Battery,2026_08
WOORB1,VIC1,WOORBESS,WOOREEN,BIDIRECTIONAL,SCHEDULED,0.9862,2999/12/31 00:00:00,Battery Storage,Wooreen Battery Energy Storage System,EnergyAustralia Pty Ltd,Battery,2026_08
TEMPB1,SA1,DIAMTEMP,TEMPBESS,BIDIRECTIONAL,SCHEDULED,1.0112,2999/12/31 00:00:00,Battery Storage,Templers Battery Energy Storage System,Diamond Energy Pty Ltd,Battery,2026_08
VSNEL2S1,NSW1,EVERGEN,VSNEL2,LOAD,NON-SCHEDULED,1,2999/12/31 00:00:00,,VPP Energy Locals NSW 2,EL Retail Energy Pty Ltd,,2026_08
VSVEL2S1,VIC1,EVERGEN,VSVEL2,LOAD,NON-SCHEDULED,1,2999/12/31 00:00:00,,VPP Energy Locals VIC 2,EL Retail Energy Pty Ltd,,2026_08
SNB01,QLD1,SNODE1,SNB,BIDIRECTIONAL,SCHEDULED,1,2999/12/31 00:00:00,Battery Storage,Supernode BESS,Supernode Operations Pty Ltd As The Trustee For Supernode BESS 1 Project Trust,Battery,2026_08
SNB02,QLD1,SNODE1,SNB,BIDIRECTIONAL,SCHEDULED,1,2999/12/31 00:00:00,Battery Storage,Supernode BESS,Supernode Operations Pty Ltd As The Trustee For Supernode BESS 1 Project Trust,Battery,2026_08
